action_id_decimal,action_id_hex,action_name,target_side,target_scope,formation_class,operation_type,has_sp_bact,trigger_class,camera_cpp_behavior,call_rule,param5_rule,confidence
1,0x001,こうげき,opponent,single_formation,opponent_single_formation_used,1,false,observed_actor_membership_then_selector,free_camera_candidate,trigger source AND not selector-suppressed/reset-only,turnActionIndex==0 OR later-action exception,confirmed_in_supplied_player_state
2,0x002,こうげき,opponent,single_formation,opponent_single_formation_used,1,false,observed_actor_membership_then_selector,free_camera_candidate,trigger source AND not selector-suppressed/reset-only,turnActionIndex==0 OR later-action exception,confirmed_in_supplied_player_state
3,0x003,ぼうぎょ,ally,self,self,0,false,runtime_membership_or_none,state_dependent,trigger source AND not selector-suppressed/reset-only,turnActionIndex==0 OR later-action exception,candidate_requires_runtime_membership
6,0x006,移動,ally,self,self,0,false,runtime_membership_or_none,state_dependent,trigger source AND not selector-suppressed/reset-only,turnActionIndex==0 OR later-action exception,candidate_requires_runtime_membership
7,0x007,かんがえちゅう,ally,self,self,0,false,runtime_membership_or_none,state_dependent,trigger source AND not selector-suppressed/reset-only,turnActionIndex==0 OR later-action exception,candidate_requires_runtime_membership
9,0x009,メラ,opponent,single,opponent_single_formation_ignored,1,true,action_bact_then_selector,free_camera_candidate,trigger source AND not selector-suppressed/reset-only,turnActionIndex==0 OR later-action exception,confirmed_fixed_data
10,0x00a,メラミ,opponent,single,opponent_single_formation_ignored,1,true,action_bact_then_selector,free_camera_candidate,trigger source AND not selector-suppressed/reset-only,turnActionIndex==0 OR later-action exception,confirmed_fixed_data
11,0x00b,メラゾーマ,opponent,single,opponent_single_formation_ignored,1,true,action_bact_then_selector,free_camera_candidate,trigger source AND not selector-suppressed/reset-only,turnActionIndex==0 OR later-action exception,confirmed_fixed_data
12,0x00c,ヒャド,opponent,single,opponent_single_formation_ignored,1,true,action_bact_then_selector,free_camera_candidate,trigger source AND not selector-suppressed/reset-only,turnActionIndex==0 OR later-action exception,confirmed_fixed_data
13,0x00d,ドルマ,opponent,single,opponent_single_formation_ignored,1,true,action_bact_then_selector,free_camera_candidate,trigger source AND not selector-suppressed/reset-only,turnActionIndex==0 OR later-action exception,confirmed_fixed_data
14,0x00e,ドルクマ,opponent,single,opponent_single_formation_ignored,1,true,action_bact_then_selector,free_camera_candidate,trigger source AND not selector-suppressed/reset-only,turnActionIndex==0 OR later-action exception,confirmed_fixed_data
15,0x00f,ドルモーア,opponent,single,opponent_single_formation_ignored,1,true,action_bact_then_selector,free_camera_candidate,trigger source AND not selector-suppressed/reset-only,turnActionIndex==0 OR later-action exception,confirmed_fixed_data
16,0x010,ヒャダルコ,opponent,group,opponent_group,1,true,action_bact_then_selector,free_camera_candidate,trigger source AND not selector-suppressed/reset-only,turnActionIndex==0 OR later-action exception,confirmed_fixed_data
17,0x011,マヒャド,opponent,all_on_side,opponent_all,1,true,action_bact_then_selector,free_camera_candidate,trigger source AND not selector-suppressed/reset-only,turnActionIndex==0 OR later-action exception,confirmed_fixed_data
18,0x012,バギ,opponent,group,opponent_group,1,true,action_bact_then_selector,free_camera_candidate,trigger source AND not selector-suppressed/reset-only,turnActionIndex==0 OR later-action exception,confirmed_fixed_data
19,0x013,バギマ,opponent,group,opponent_group,1,true,action_bact_then_selector,free_camera_candidate,trigger source AND not selector-suppressed/reset-only,turnActionIndex==0 OR later-action exception,confirmed_fixed_data
20,0x014,バギクロス,opponent,group,opponent_group,1,true,action_bact_then_selector,free_camera_candidate,trigger source AND not selector-suppressed/reset-only,turnActionIndex==0 OR later-action exception,confirmed_fixed_data
21,0x015,イオ,opponent,all_on_side,opponent_all,1,true,action_bact_then_selector,free_camera_candidate,trigger source AND not selector-suppressed/reset-only,turnActionIndex==0 OR later-action exception,confirmed_fixed_data
22,0x016,イオラ,opponent,all_on_side,opponent_all,1,true,action_bact_then_selector,free_camera_candidate,trigger source AND not selector-suppressed/reset-only,turnActionIndex==0 OR later-action exception,confirmed_fixed_data
23,0x017,イオナズン,opponent,all_on_side,opponent_all,1,true,action_bact_then_selector,free_camera_candidate,trigger source AND not selector-suppressed/reset-only,turnActionIndex==0 OR later-action exception,confirmed_fixed_data
24,0x018,ザキ,opponent,single,opponent_single_formation_ignored,17,true,action_bact_then_selector,free_camera_candidate,trigger source AND not selector-suppressed/reset-only,turnActionIndex==0 OR later-action exception,confirmed_fixed_data
25,0x019,ザラキ,opponent,group,opponent_group,17,true,action_bact_then_selector,free_camera_candidate,trigger source AND not selector-suppressed/reset-only,turnActionIndex==0 OR later-action exception,confirmed_fixed_data
26,0x01a,ザラキーマ,opponent,all_on_side,opponent_all,17,true,action_bact_then_selector,free_camera_candidate,trigger source AND not selector-suppressed/reset-only,turnActionIndex==0 OR later-action exception,confirmed_fixed_data
27,0x01b,メガンテ,opponent,all_on_side,opponent_all,35,true,action_bact_then_selector,free_camera_candidate,trigger source AND not selector-suppressed/reset-only,turnActionIndex==0 OR later-action exception,confirmed_fixed_data
28,0x01c,マダンテ,opponent,all_on_side,opponent_all,1,true,action_bact_then_selector,free_camera_candidate,trigger source AND not selector-suppressed/reset-only,turnActionIndex==0 OR later-action exception,confirmed_fixed_data
30,0x01e,ホイミ,ally,single,ally_single,2,true,action_bact_then_selector,free_camera_candidate,trigger source AND not selector-suppressed/reset-only,turnActionIndex==0 OR later-action exception,confirmed_fixed_data
31,0x01f,ベホイミ,ally,single,ally_single,2,true,action_bact_then_selector,free_camera_candidate,trigger source AND not selector-suppressed/reset-only,turnActionIndex==0 OR later-action exception,confirmed_fixed_data
32,0x020,ベホイム,ally,single,ally_single,2,true,action_bact_then_selector,free_camera_candidate,trigger source AND not selector-suppressed/reset-only,turnActionIndex==0 OR later-action exception,confirmed_fixed_data
33,0x021,ベホマ,ally,single,ally_single,2,true,action_bact_then_selector,free_camera_candidate,trigger source AND not selector-suppressed/reset-only,turnActionIndex==0 OR later-action exception,confirmed_fixed_data
34,0x022,ベホマラー,ally,all_on_side,ally_all,2,true,action_bact_then_selector,free_camera_candidate,trigger source AND not selector-suppressed/reset-only,turnActionIndex==0 OR later-action exception,confirmed_fixed_data
35,0x023,キアリー,ally,single,ally_single,7,true,action_bact_then_selector,free_camera_candidate,trigger source AND not selector-suppressed/reset-only,turnActionIndex==0 OR later-action exception,confirmed_fixed_data
36,0x024,キアリク,ally,group,ally_group,20,true,action_bact_then_selector,free_camera_candidate,trigger source AND not selector-suppressed/reset-only,turnActionIndex==0 OR later-action exception,confirmed_fixed_data
37,0x025,ザメハ,ally,group,ally_group,9,true,action_bact_then_selector,free_camera_candidate,trigger source AND not selector-suppressed/reset-only,turnActionIndex==0 OR later-action exception,confirmed_fixed_data
38,0x026,ザオラル,ally,single,ally_single,18,true,action_bact_then_selector,free_camera_candidate,trigger source AND not selector-suppressed/reset-only,turnActionIndex==0 OR later-action exception,confirmed_fixed_data
39,0x027,ザオリク,ally,single,ally_single,18,true,action_bact_then_selector,free_camera_candidate,trigger source AND not selector-suppressed/reset-only,turnActionIndex==0 OR later-action exception,confirmed_fixed_data
40,0x028,メガザル,ally,all_on_side,ally_all,33,true,action_bact_then_selector,free_camera_candidate,trigger source AND not selector-suppressed/reset-only,turnActionIndex==0 OR later-action exception,confirmed_fixed_data
41,0x029,スカラ,ally,single,ally_single,4,true,action_bact_then_selector,free_camera_candidate,trigger source AND not selector-suppressed/reset-only,turnActionIndex==0 OR later-action exception,confirmed_fixed_data
42,0x02a,スクルト,ally,group,ally_group,4,true,action_bact_then_selector,free_camera_candidate,trigger source AND not selector-suppressed/reset-only,turnActionIndex==0 OR later-action exception,confirmed_fixed_data
43,0x02b,ルカニ,opponent,single,opponent_single_formation_ignored,4,true,action_bact_then_selector,free_camera_candidate,trigger source AND not selector-suppressed/reset-only,turnActionIndex==0 OR later-action exception,confirmed_fixed_data
44,0x02c,ルカナン,opponent,group,opponent_group,4,true,action_bact_then_selector,free_camera_candidate,trigger source AND not selector-suppressed/reset-only,turnActionIndex==0 OR later-action exception,confirmed_fixed_data
45,0x02d,ピオラ,ally,single,ally_single,5,true,action_bact_then_selector,free_camera_candidate,trigger source AND not selector-suppressed/reset-only,turnActionIndex==0 OR later-action exception,confirmed_fixed_data
46,0x02e,ピオリム,ally,group,ally_group,5,true,action_bact_then_selector,free_camera_candidate,trigger source AND not selector-suppressed/reset-only,turnActionIndex==0 OR later-action exception,confirmed_fixed_data
47,0x02f,ボミエ,opponent,single,opponent_single_formation_ignored,5,true,action_bact_then_selector,free_camera_candidate,trigger source AND not selector-suppressed/reset-only,turnActionIndex==0 OR later-action exception,confirmed_fixed_data
48,0x030,ボミオス,opponent,group,opponent_group,5,true,action_bact_then_selector,free_camera_candidate,trigger source AND not selector-suppressed/reset-only,turnActionIndex==0 OR later-action exception,confirmed_fixed_data
49,0x031,バイキルト,ally,single,ally_single,3,true,action_bact_then_selector,free_camera_candidate,trigger source AND not selector-suppressed/reset-only,turnActionIndex==0 OR later-action exception,confirmed_fixed_data
50,0x032,ヘナトス,opponent,single,opponent_single_formation_ignored,3,true,action_bact_then_selector,free_camera_candidate,trigger source AND not selector-suppressed/reset-only,turnActionIndex==0 OR later-action exception,confirmed_fixed_data
51,0x033,メダパニ,opponent,group,opponent_group,21,true,action_bact_then_selector,free_camera_candidate,trigger source AND not selector-suppressed/reset-only,turnActionIndex==0 OR later-action exception,confirmed_fixed_data
52,0x034,メダパニーマ,opponent,all_on_side,opponent_all,21,true,action_bact_then_selector,free_camera_candidate,trigger source AND not selector-suppressed/reset-only,turnActionIndex==0 OR later-action exception,confirmed_fixed_data
53,0x035,ラリホー,opponent,group,opponent_group,8,true,action_bact_then_selector,free_camera_candidate,trigger source AND not selector-suppressed/reset-only,turnActionIndex==0 OR later-action exception,confirmed_fixed_data
54,0x036,ラリホーマ,opponent,all_on_side,opponent_all,8,true,action_bact_then_selector,free_camera_candidate,trigger source AND not selector-suppressed/reset-only,turnActionIndex==0 OR later-action exception,confirmed_fixed_data
55,0x037,マホカンタ,ally,self,self,31,true,action_bact_then_selector,free_camera_candidate,trigger source AND not selector-suppressed/reset-only,turnActionIndex==0 OR later-action exception,confirmed_fixed_data
56,0x038,マホバリア,ally,single,ally_single,22,true,action_bact_then_selector,free_camera_candidate,trigger source AND not selector-suppressed/reset-only,turnActionIndex==0 OR later-action exception,confirmed_fixed_data
57,0x039,マジックバリア,ally,group,ally_group,22,true,action_bact_then_selector,free_camera_candidate,trigger source AND not selector-suppressed/reset-only,turnActionIndex==0 OR later-action exception,confirmed_fixed_data
58,0x03a,マホトーン,opponent,group,opponent_group,16,true,action_bact_then_selector,free_camera_candidate,trigger source AND not selector-suppressed/reset-only,turnActionIndex==0 OR later-action exception,confirmed_fixed_data
59,0x03b,マヌーサ,opponent,group,opponent_group,19,true,action_bact_then_selector,free_camera_candidate,trigger source AND not selector-suppressed/reset-only,turnActionIndex==0 OR later-action exception,confirmed_fixed_data
60,0x03c,バーハ,ally,single,ally_single,23,true,action_bact_then_selector,free_camera_candidate,trigger source AND not selector-suppressed/reset-only,turnActionIndex==0 OR later-action exception,confirmed_fixed_data
61,0x03d,フバーハ,ally,group,ally_group,23,true,action_bact_then_selector,free_camera_candidate,trigger source AND not selector-suppressed/reset-only,turnActionIndex==0 OR later-action exception,confirmed_fixed_data
62,0x03e,ディバインスペル,opponent,group,opponent_group,22,true,action_bact_then_selector,free_camera_candidate,trigger source AND not selector-suppressed/reset-only,turnActionIndex==0 OR later-action exception,confirmed_fixed_data
63,0x03f,ドラゴン[斬/ぎ]り,opponent,single,opponent_single_formation_ignored,1,true,action_bact_then_selector,tracking_camera_one_rng,trigger source AND not selector-suppressed/reset-only,turnActionIndex==0 OR later-action exception,confirmed_fixed_data
64,0x040,メタル[斬/ぎ]り,opponent,single,opponent_single_formation_ignored,1,true,action_bact_then_selector,free_camera_candidate,trigger source AND not selector-suppressed/reset-only,turnActionIndex==0 OR later-action exception,confirmed_fixed_data
65,0x041,ミラクルソード,opponent,single,opponent_single_formation_ignored,1,true,action_bact_then_selector,tracking_camera_one_rng,trigger source AND not selector-suppressed/reset-only,turnActionIndex==0 OR later-action exception,confirmed_fixed_data
66,0x042,はやぶさ[斬/ぎ]り,opponent,single,opponent_single_formation_ignored,1,true,action_bact_then_selector,free_camera_candidate,trigger source AND not selector-suppressed/reset-only,turnActionIndex==0 OR later-action exception,confirmed_fixed_data
67,0x043,ギガスラッシュ,opponent,group,opponent_group,1,true,action_bact_then_selector,free_camera_candidate,trigger source AND not selector-suppressed/reset-only,turnActionIndex==0 OR later-action exception,confirmed_fixed_data
68,0x044,ギガブレイク,opponent,group,opponent_group,1,true,action_bact_then_selector,free_camera_candidate,trigger source AND not selector-suppressed/reset-only,turnActionIndex==0 OR later-action exception,confirmed_fixed_data
69,0x045,しっぷうづき,opponent,single,opponent_single_formation_ignored,1,true,action_bact_then_selector,free_camera_candidate,trigger source AND not selector-suppressed/reset-only,turnActionIndex==0 OR later-action exception,confirmed_fixed_data
70,0x046,けものづき,opponent,single,opponent_single_formation_ignored,1,true,action_bact_then_selector,free_camera_candidate,trigger source AND not selector-suppressed/reset-only,turnActionIndex==0 OR later-action exception,confirmed_fixed_data
71,0x047,きゅうしょづき,opponent,single,opponent_single_formation_ignored,1,true,action_bact_then_selector,free_camera_candidate,trigger source AND not selector-suppressed/reset-only,turnActionIndex==0 OR later-action exception,confirmed_fixed_data
72,0x048,[一閃/いっせん]づき,opponent,single,opponent_single_formation_ignored,1,true,action_bact_then_selector,free_camera_candidate,trigger source AND not selector-suppressed/reset-only,turnActionIndex==0 OR later-action exception,confirmed_fixed_data
73,0x049,さみだれづき,opponent,all_on_side,opponent_all,1,true,action_bact_then_selector,free_camera_candidate,trigger source AND not selector-suppressed/reset-only,turnActionIndex==0 OR later-action exception,confirmed_fixed_data
74,0x04a,ジゴスパーク,opponent,all_on_side,opponent_all,1,true,action_bact_then_selector,free_camera_candidate,trigger source AND not selector-suppressed/reset-only,turnActionIndex==0 OR later-action exception,confirmed_fixed_data
75,0x04b,ポイズンダガー,opponent,single,opponent_single_formation_ignored,1,true,action_bact_then_selector,free_camera_candidate,trigger source AND not selector-suppressed/reset-only,turnActionIndex==0 OR later-action exception,confirmed_fixed_data
76,0x04c,キラーブーン,opponent,single,opponent_single_formation_ignored,1,true,action_bact_then_selector,free_camera_candidate,trigger source AND not selector-suppressed/reset-only,turnActionIndex==0 OR later-action exception,confirmed_fixed_data
77,0x04d,タナトスハント,opponent,single,opponent_single_formation_ignored,1,true,action_bact_then_selector,free_camera_candidate,trigger source AND not selector-suppressed/reset-only,turnActionIndex==0 OR later-action exception,confirmed_fixed_data
78,0x04e,アサシンアタック,opponent,single,opponent_single_formation_ignored,1,true,action_bact_then_selector,free_camera_candidate,trigger source AND not selector-suppressed/reset-only,turnActionIndex==0 OR later-action exception,confirmed_fixed_data
79,0x04f,バンパイアエッジ,opponent,single,opponent_single_formation_ignored,1,true,action_bact_then_selector,free_camera_candidate,trigger source AND not selector-suppressed/reset-only,turnActionIndex==0 OR later-action exception,confirmed_fixed_data
80,0x050,ヒュプノスハント,opponent,single,opponent_single_formation_ignored,1,true,action_bact_then_selector,free_camera_candidate,trigger source AND not selector-suppressed/reset-only,turnActionIndex==0 OR later-action exception,confirmed_fixed_data
81,0x051,まふうじのつえ,opponent,single,opponent_single_formation_ignored,16,true,action_bact_then_selector,free_camera_candidate,trigger source AND not selector-suppressed/reset-only,turnActionIndex==0 OR later-action exception,confirmed_fixed_data
82,0x052,[悪魔/あくま]ばらい,opponent,single,opponent_single_formation_ignored,1,true,action_bact_then_selector,free_camera_candidate,trigger source AND not selector-suppressed/reset-only,turnActionIndex==0 OR later-action exception,confirmed_fixed_data
83,0x053,しゅくふくのつえ,ally,single,ally_single,2,true,action_bact_then_selector,free_camera_candidate,trigger source AND not selector-suppressed/reset-only,turnActionIndex==0 OR later-action exception,confirmed_fixed_data
84,0x054,ふっかつのつえ,ally,single,ally_single,18,true,action_bact_then_selector,free_camera_candidate,trigger source AND not selector-suppressed/reset-only,turnActionIndex==0 OR later-action exception,confirmed_fixed_data
85,0x055,らせん[打/う]ち,opponent,single,opponent_single_formation_ignored,1,true,action_bact_then_selector,free_camera_candidate,trigger source AND not selector-suppressed/reset-only,turnActionIndex==0 OR later-action exception,confirmed_fixed_data
86,0x056,[愛/あい]のムチ,opponent,group,opponent_group,1,true,action_bact_then_selector,free_camera_candidate,trigger source AND not selector-suppressed/reset-only,turnActionIndex==0 OR later-action exception,confirmed_fixed_data
87,0x057,ねむり[打/う]ち,opponent,group,opponent_group,1,true,action_bact_then_selector,free_camera_candidate,trigger source AND not selector-suppressed/reset-only,turnActionIndex==0 OR later-action exception,confirmed_fixed_data
88,0x058,しばり[打/う]ち,opponent,single,opponent_single_formation_ignored,1,true,action_bact_then_selector,free_camera_candidate,trigger source AND not selector-suppressed/reset-only,turnActionIndex==0 OR later-action exception,confirmed_fixed_data
89,0x059,ヒールウィップ,opponent,group,opponent_group,1,true,action_bact_then_selector,free_camera_candidate,trigger source AND not selector-suppressed/reset-only,turnActionIndex==0 OR later-action exception,confirmed_fixed_data
90,0x05a,[双/そう][竜/りゅう][打/う]ち,opponent,group,opponent_group,1,true,action_bact_then_selector,free_camera_candidate,trigger source AND not selector-suppressed/reset-only,turnActionIndex==0 OR later-action exception,confirmed_fixed_data
91,0x05b,[地這/ちは]い[大蛇/だいじゃ],opponent,group,opponent_group,1,true,action_bact_then_selector,free_camera_candidate,trigger source AND not selector-suppressed/reset-only,turnActionIndex==0 OR later-action exception,confirmed_fixed_data
92,0x05c,[足/あし]ばらい,opponent,group,opponent_group,10,true,action_bact_then_selector,free_camera_candidate,trigger source AND not selector-suppressed/reset-only,turnActionIndex==0 OR later-action exception,confirmed_fixed_data
93,0x05d,[黄泉送/よみおく]り,opponent,single,opponent_single_formation_ignored,1,true,action_bact_then_selector,free_camera_candidate,trigger source AND not selector-suppressed/reset-only,turnActionIndex==0 OR later-action exception,confirmed_fixed_data
94,0x05e,なぎはらい,opponent,group,opponent_group,1,true,action_bact_then_selector,free_camera_candidate,trigger source AND not selector-suppressed/reset-only,turnActionIndex==0 OR later-action exception,confirmed_fixed_data
95,0x05f,[氷結/ひょうけつ]らんげき,opponent,all_on_side,opponent_all,1,true,action_bact_then_selector,free_camera_candidate,trigger source AND not selector-suppressed/reset-only,turnActionIndex==0 OR later-action exception,confirmed_fixed_data
96,0x060,[天地/てんち]のかまえ,ally,self,self,0,true,action_bact_then_selector,free_camera_candidate,trigger source AND not selector-suppressed/reset-only,turnActionIndex==0 OR later-action exception,confirmed_fixed_data
97,0x061,ウィングブロウ,opponent,single,opponent_single_formation_ignored,1,true,action_bact_then_selector,free_camera_candidate,trigger source AND not selector-suppressed/reset-only,turnActionIndex==0 OR later-action exception,confirmed_fixed_data
98,0x062,[裂鋼拳/れっこうけん],opponent,single,opponent_single_formation_ignored,1,true,action_bact_then_selector,free_camera_candidate,trigger source AND not selector-suppressed/reset-only,turnActionIndex==0 OR later-action exception,confirmed_fixed_data
99,0x063,ネイルスクラッチ,opponent,single,opponent_single_formation_ignored,1,true,action_bact_then_selector,free_camera_candidate,trigger source AND not selector-suppressed/reset-only,turnActionIndex==0 OR later-action exception,confirmed_fixed_data
100,0x064,タイガークロー,opponent,single,opponent_single_formation_ignored,1,true,action_bact_then_selector,free_camera_candidate,trigger source AND not selector-suppressed/reset-only,turnActionIndex==0 OR later-action exception,confirmed_fixed_data
101,0x065,ゴールドフィンガー,opponent,single,opponent_single_formation_ignored,1,true,action_bact_then_selector,free_camera_candidate,trigger source AND not selector-suppressed/reset-only,turnActionIndex==0 OR later-action exception,confirmed_fixed_data
102,0x066,ゴッドスマッシュ,opponent,single,opponent_single_formation_ignored,1,true,action_bact_then_selector,free_camera_candidate,trigger source AND not selector-suppressed/reset-only,turnActionIndex==0 OR later-action exception,confirmed_fixed_data
103,0x067,[花/はな]ふぶき,opponent,group,opponent_group,19,true,action_bact_then_selector,free_camera_candidate,trigger source AND not selector-suppressed/reset-only,turnActionIndex==0 OR later-action exception,confirmed_fixed_data
104,0x068,といきがえし,ally,self,self,32,true,action_bact_then_selector,free_camera_candidate,trigger source AND not selector-suppressed/reset-only,turnActionIndex==0 OR later-action exception,confirmed_fixed_data
105,0x069,[波紋演舞/はもんえんぶ],opponent,single,opponent_single_formation_ignored,1,true,action_bact_then_selector,free_camera_candidate,trigger source AND not selector-suppressed/reset-only,turnActionIndex==0 OR later-action exception,confirmed_fixed_data
106,0x06a,[風姿花伝/ふうしかでん],ally,self,self,36,true,action_bact_then_selector,free_camera_candidate,trigger source AND not selector-suppressed/reset-only,turnActionIndex==0 OR later-action exception,confirmed_fixed_data
107,0x06b,おうぎのまい,opponent,all_on_side,opponent_all,1,true,action_bact_then_selector,free_camera_candidate,trigger source AND not selector-suppressed/reset-only,turnActionIndex==0 OR later-action exception,confirmed_fixed_data
108,0x06c,ハッスルダンス,ally,all_on_side,ally_all,2,true,action_bact_then_selector,free_camera_candidate,trigger source AND not selector-suppressed/reset-only,turnActionIndex==0 OR later-action exception,confirmed_fixed_data
109,0x06d,かぶと[割/わ]り,opponent,single,opponent_single_formation_ignored,1,true,action_bact_then_selector,free_camera_candidate,trigger source AND not selector-suppressed/reset-only,turnActionIndex==0 OR later-action exception,confirmed_fixed_data
110,0x06e,たいぼく[斬/ざん],opponent,single,opponent_single_formation_ignored,1,true,action_bact_then_selector,free_camera_candidate,trigger source AND not selector-suppressed/reset-only,turnActionIndex==0 OR later-action exception,confirmed_fixed_data
111,0x06f,[蒼天魔斬/そうてんまざん],opponent,single,opponent_single_formation_ignored,1,true,action_bact_then_selector,free_camera_candidate,trigger source AND not selector-suppressed/reset-only,turnActionIndex==0 OR later-action exception,confirmed_fixed_data
112,0x070,まじん[斬/ぎ]り,opponent,single,opponent_single_formation_ignored,1,true,action_bact_then_selector,free_camera_candidate,trigger source AND not selector-suppressed/reset-only,turnActionIndex==0 OR later-action exception,confirmed_fixed_data
113,0x071,オノむそう,opponent,group,opponent_group,1,true,action_bact_then_selector,free_camera_candidate,trigger source AND not selector-suppressed/reset-only,turnActionIndex==0 OR later-action exception,confirmed_fixed_data
114,0x072,[森羅万象斬/しんらばんしょうざん],opponent,single,opponent_single_formation_ignored,1,true,action_bact_then_selector,free_camera_candidate,trigger source AND not selector-suppressed/reset-only,turnActionIndex==0 OR later-action exception,confirmed_fixed_data
115,0x073,ハートブレイク,opponent,single,opponent_single_formation_ignored,1,true,action_bact_then_selector,free_camera_candidate,trigger source AND not selector-suppressed/reset-only,turnActionIndex==0 OR later-action exception,confirmed_fixed_data
116,0x074,ゴールドハンマー,opponent,single,opponent_single_formation_ignored,1,true,action_bact_then_selector,free_camera_candidate,trigger source AND not selector-suppressed/reset-only,turnActionIndex==0 OR later-action exception,confirmed_fixed_data
117,0x075,ラストバッター,opponent,single,opponent_single_formation_ignored,1,true,action_bact_then_selector,free_camera_candidate,trigger source AND not selector-suppressed/reset-only,turnActionIndex==0 OR later-action exception,confirmed_fixed_data
118,0x076,ドラムクラッシュ,opponent,single,opponent_single_formation_ignored,1,true,action_bact_then_selector,free_camera_candidate,trigger source AND not selector-suppressed/reset-only,turnActionIndex==0 OR later-action exception,confirmed_fixed_data
119,0x077,ランドインパクト,opponent,all_on_side,opponent_all,1,true,action_bact_then_selector,free_camera_candidate,trigger source AND not selector-suppressed/reset-only,turnActionIndex==0 OR later-action exception,confirmed_fixed_data
120,0x078,ビッグバン,opponent,all_on_side,opponent_all,1,true,action_bact_then_selector,free_camera_candidate,trigger source AND not selector-suppressed/reset-only,turnActionIndex==0 OR later-action exception,confirmed_fixed_data
121,0x079,クロスカッター,opponent,all_on_side,opponent_all,1,true,action_bact_then_selector,free_camera_candidate,trigger source AND not selector-suppressed/reset-only,turnActionIndex==0 OR later-action exception,confirmed_fixed_data
122,0x07a,パワフルスロー,opponent,all_on_side,opponent_all,1,true,action_bact_then_selector,free_camera_candidate,trigger source AND not selector-suppressed/reset-only,turnActionIndex==0 OR later-action exception,confirmed_fixed_data
123,0x07b,スライムブロウ,opponent,all_on_side,opponent_all,1,true,action_bact_then_selector,free_camera_candidate,trigger source AND not selector-suppressed/reset-only,turnActionIndex==0 OR later-action exception,confirmed_fixed_data
124,0x07c,シャインスコール,opponent,all_on_side,opponent_all,1,true,action_bact_then_selector,free_camera_candidate,trigger source AND not selector-suppressed/reset-only,turnActionIndex==0 OR later-action exception,confirmed_fixed_data
125,0x07d,バーニングバード,opponent,all_on_side,opponent_all,1,true,action_bact_then_selector,free_camera_candidate,trigger source AND not selector-suppressed/reset-only,turnActionIndex==0 OR later-action exception,confirmed_fixed_data
126,0x07e,メタルウィング,opponent,all_on_side,opponent_all,1,true,action_bact_then_selector,free_camera_candidate,trigger source AND not selector-suppressed/reset-only,turnActionIndex==0 OR later-action exception,confirmed_fixed_data
127,0x07f,ギガスロー,opponent,single,opponent_single_formation_ignored,1,true,action_bact_then_selector,free_camera_candidate,trigger source AND not selector-suppressed/reset-only,turnActionIndex==0 OR later-action exception,confirmed_fixed_data
128,0x080,マジックアロー,opponent,single,opponent_single_formation_ignored,1,true,action_bact_then_selector,free_camera_candidate,trigger source AND not selector-suppressed/reset-only,turnActionIndex==0 OR later-action exception,confirmed_fixed_data
129,0x081,バードシュート,opponent,single,opponent_single_formation_ignored,1,true,action_bact_then_selector,free_camera_candidate,trigger source AND not selector-suppressed/reset-only,turnActionIndex==0 OR later-action exception,confirmed_fixed_data
130,0x082,ニードルショット,opponent,single,opponent_single_formation_ignored,1,true,action_bact_then_selector,free_camera_candidate,trigger source AND not selector-suppressed/reset-only,turnActionIndex==0 OR later-action exception,confirmed_fixed_data
131,0x083,さみだれうち,opponent,all_on_side,opponent_all,1,true,action_bact_then_selector,free_camera_candidate,trigger source AND not selector-suppressed/reset-only,turnActionIndex==0 OR later-action exception,confirmed_fixed_data
132,0x084,[天使/てんし]の[矢/や],opponent,single,opponent_single_formation_ignored,1,true,action_bact_then_selector,free_camera_candidate,trigger source AND not selector-suppressed/reset-only,turnActionIndex==0 OR later-action exception,confirmed_fixed_data
133,0x085,シャイニングボウ,opponent,all_on_side,opponent_all,1,true,action_bact_then_selector,free_camera_candidate,trigger source AND not selector-suppressed/reset-only,turnActionIndex==0 OR later-action exception,confirmed_fixed_data
134,0x086,シールドアタック,opponent,single,opponent_single_formation_ignored,1,true,action_bact_then_selector,free_camera_candidate,trigger source AND not selector-suppressed/reset-only,turnActionIndex==0 OR later-action exception,confirmed_fixed_data
135,0x087,[大/だい]ぼうぎょ,ally,self,self,0,true,action_bact_then_selector,free_camera_candidate,trigger source AND not selector-suppressed/reset-only,turnActionIndex==0 OR later-action exception,confirmed_fixed_data
136,0x088,ビッグシールド,ally,self,self,37,true,action_bact_then_selector,free_camera_candidate,trigger source AND not selector-suppressed/reset-only,turnActionIndex==0 OR later-action exception,confirmed_fixed_data
137,0x089,ミラーシールド,ally,self,self,31,true,action_bact_then_selector,free_camera_candidate,trigger source AND not selector-suppressed/reset-only,turnActionIndex==0 OR later-action exception,confirmed_fixed_data
138,0x08a,うけながしのかまえ,ally,self,self,0,true,action_bact_then_selector,free_camera_candidate,trigger source AND not selector-suppressed/reset-only,turnActionIndex==0 OR later-action exception,confirmed_fixed_data
139,0x08b,まもりのたて,ally,self,self,64,true,action_bact_then_selector,free_camera_candidate,trigger source AND not selector-suppressed/reset-only,turnActionIndex==0 OR later-action exception,confirmed_fixed_data
140,0x08c,[石/いし]つぶて,opponent,group,opponent_group,1,true,action_bact_then_selector,free_camera_candidate,trigger source AND not selector-suppressed/reset-only,turnActionIndex==0 OR later-action exception,confirmed_fixed_data
141,0x08d,かまいたち,opponent,group,opponent_group,1,true,action_bact_then_selector,free_camera_candidate,trigger source AND not selector-suppressed/reset-only,turnActionIndex==0 OR later-action exception,confirmed_fixed_data
142,0x08e,せいけんづき,opponent,single,opponent_single_formation_ignored,1,true,action_bact_then_selector,free_camera_candidate,trigger source AND not selector-suppressed/reset-only,turnActionIndex==0 OR later-action exception,confirmed_fixed_data
143,0x08f,ばくれつけん,opponent,all_on_side,opponent_all,1,true,action_bact_then_selector,free_camera_candidate,trigger source AND not selector-suppressed/reset-only,turnActionIndex==0 OR later-action exception,confirmed_fixed_data
144,0x090,[岩石/がんせき]おとし,opponent,all_on_side,opponent_all,1,true,action_bact_then_selector,free_camera_candidate,trigger source AND not selector-suppressed/reset-only,turnActionIndex==0 OR later-action exception,confirmed_fixed_data
145,0x091,ミラクルムーン,opponent,all_on_side,opponent_all,1,true,action_bact_then_selector,free_camera_candidate,trigger source AND not selector-suppressed/reset-only,turnActionIndex==0 OR later-action exception,confirmed_fixed_data
146,0x092,かばう,ally,actor_specific,special_or_context,0,true,action_bact_then_selector,free_camera_candidate,trigger source AND not selector-suppressed/reset-only,turnActionIndex==0 OR later-action exception,confirmed_fixed_data
147,0x093,くちぶえ,opponent,group,opponent_group,56,true,action_bact_then_selector,free_camera_candidate,trigger source AND not selector-suppressed/reset-only,turnActionIndex==0 OR later-action exception,confirmed_fixed_data
148,0x094,[体当/たいあ]たり,opponent,single,opponent_single_formation_ignored,1,true,action_bact_then_selector,free_camera_candidate,trigger source AND not selector-suppressed/reset-only,turnActionIndex==0 OR later-action exception,confirmed_fixed_data
149,0x095,ロストアタック,opponent,single,opponent_single_formation_ignored,1,true,action_bact_then_selector,free_camera_candidate,trigger source AND not selector-suppressed/reset-only,turnActionIndex==0 OR later-action exception,confirmed_fixed_data
150,0x096,やいばくだき,opponent,single,opponent_single_formation_ignored,1,true,action_bact_then_selector,free_camera_candidate,trigger source AND not selector-suppressed/reset-only,turnActionIndex==0 OR later-action exception,confirmed_fixed_data
151,0x097,[聖/せい]なる[祈/いの]り,ally,self,self,38,true,action_bact_then_selector,free_camera_candidate,trigger source AND not selector-suppressed/reset-only,turnActionIndex==0 OR later-action exception,confirmed_fixed_data
152,0x098,[聖女/せいじょ]の[守/まも]り,ally,self,self,39,true,action_bact_then_selector,free_camera_candidate,trigger source AND not selector-suppressed/reset-only,turnActionIndex==0 OR later-action exception,confirmed_fixed_data
153,0x099,ゾンビガード,ally,all_on_side,ally_all,40,true,action_bact_then_selector,free_camera_candidate,trigger source AND not selector-suppressed/reset-only,turnActionIndex==0 OR later-action exception,confirmed_fixed_data
154,0x09a,ひかりのはどう,ally,all_on_side,ally_all,41,true,action_bact_then_selector,free_camera_candidate,trigger source AND not selector-suppressed/reset-only,turnActionIndex==0 OR later-action exception,confirmed_fixed_data
155,0x09b,ぶきみなひかり,opponent,single,opponent_single_formation_ignored,22,true,action_bact_then_selector,free_camera_candidate,trigger source AND not selector-suppressed/reset-only,turnActionIndex==0 OR later-action exception,confirmed_fixed_data
156,0x09c,[魔結界/まけっかい],ally,self,self,22,true,action_bact_then_selector,free_camera_candidate,trigger source AND not selector-suppressed/reset-only,turnActionIndex==0 OR later-action exception,confirmed_fixed_data
157,0x09d,せいしんとういつ,ally,self,self,78,true,action_bact_then_selector,free_camera_candidate,trigger source AND not selector-suppressed/reset-only,turnActionIndex==0 OR later-action exception,confirmed_fixed_data
158,0x09e,[魔力/まりょく]かくせい,ally,self,self,42,true,action_bact_then_selector,free_camera_candidate,trigger source AND not selector-suppressed/reset-only,turnActionIndex==0 OR later-action exception,confirmed_fixed_data
159,0x09f,つきのはどう,opponent,all_on_side,opponent_all,3,true,action_bact_then_selector,free_camera_candidate,trigger source AND not selector-suppressed/reset-only,turnActionIndex==0 OR later-action exception,confirmed_fixed_data
160,0x0a0,おたけび,opponent,group,opponent_group,10,true,action_bact_then_selector,free_camera_candidate,trigger source AND not selector-suppressed/reset-only,turnActionIndex==0 OR later-action exception,confirmed_fixed_data
161,0x0a1,ためる,ally,self,self,15,true,action_bact_then_selector,free_camera_candidate,trigger source AND not selector-suppressed/reset-only,turnActionIndex==0 OR later-action exception,confirmed_fixed_data
162,0x0a2,ふとうふくつ,ally,self,self,43,true,action_bact_then_selector,free_camera_candidate,trigger source AND not selector-suppressed/reset-only,turnActionIndex==0 OR later-action exception,confirmed_fixed_data
163,0x0a3,しんとうめっきゃく,ally,self,self,23,true,action_bact_then_selector,free_camera_candidate,trigger source AND not selector-suppressed/reset-only,turnActionIndex==0 OR later-action exception,confirmed_fixed_data
164,0x0a4,めいそう,ally,self,self,2,true,action_bact_then_selector,free_camera_candidate,trigger source AND not selector-suppressed/reset-only,turnActionIndex==0 OR later-action exception,confirmed_fixed_data
165,0x0a5,ぬすむ,opponent,single,opponent_single_formation_ignored,44,true,action_bact_then_selector,free_camera_candidate,trigger source AND not selector-suppressed/reset-only,turnActionIndex==0 OR later-action exception,confirmed_fixed_data
166,0x0a6,みやぶる,opponent,single,opponent_single_formation_ignored,45,true,action_bact_then_selector,free_camera_candidate,trigger source AND not selector-suppressed/reset-only,turnActionIndex==0 OR later-action exception,confirmed_fixed_data
167,0x0a7,[火/ひ]ふき[芸/げい],opponent,single,opponent_single_formation_ignored,1,true,action_bact_then_selector,free_camera_candidate,trigger source AND not selector-suppressed/reset-only,turnActionIndex==0 OR later-action exception,confirmed_fixed_data
168,0x0a8,おうえん,ally,actor_specific,special_or_context,15,true,action_bact_then_selector,free_camera_candidate,trigger source AND not selector-suppressed/reset-only,turnActionIndex==0 OR later-action exception,confirmed_fixed_data
169,0x0a9,ボケ,opponent,group,opponent_group,10,true,action_bact_then_selector,free_camera_candidate,trigger source AND not selector-suppressed/reset-only,turnActionIndex==0 OR later-action exception,confirmed_fixed_data
171,0x0ab,ツッコミ,ally,single,ally_single,9,true,action_bact_then_selector,free_camera_candidate,trigger source AND not selector-suppressed/reset-only,turnActionIndex==0 OR later-action exception,confirmed_fixed_data
172,0x0ac,とうこん[討/う]ち,opponent,single,opponent_single_formation_ignored,1,true,action_bact_then_selector,free_camera_candidate,trigger source AND not selector-suppressed/reset-only,turnActionIndex==0 OR later-action exception,confirmed_fixed_data
173,0x0ad,すてみ,ally,self,self,3,true,action_bact_then_selector,free_camera_candidate,trigger source AND not selector-suppressed/reset-only,turnActionIndex==0 OR later-action exception,confirmed_fixed_data
174,0x0ae,[無心/むしん]こうげき,opponent,all_on_side,opponent_all,1,true,action_bact_then_selector,free_camera_candidate,trigger source AND not selector-suppressed/reset-only,turnActionIndex==0 OR later-action exception,confirmed_fixed_data
175,0x0af,もろば[斬/ぎ]り,opponent,single,opponent_single_formation_ignored,1,true,action_bact_then_selector,free_camera_candidate,trigger source AND not selector-suppressed/reset-only,turnActionIndex==0 OR later-action exception,confirmed_fixed_data
176,0x0b0,テンションバーン,ally,self,self,47,true,action_bact_then_selector,free_camera_candidate,trigger source AND not selector-suppressed/reset-only,turnActionIndex==0 OR later-action exception,confirmed_fixed_data
177,0x0b1,ファイアフォース,ally,force_special,special_or_context,46,true,action_bact_then_selector,free_camera_candidate,trigger source AND not selector-suppressed/reset-only,turnActionIndex==0 OR later-action exception,confirmed_fixed_data
178,0x0b2,アイスフォース,ally,force_special,special_or_context,46,true,action_bact_then_selector,free_camera_candidate,trigger source AND not selector-suppressed/reset-only,turnActionIndex==0 OR later-action exception,confirmed_fixed_data
179,0x0b3,ストームフォース,ally,force_special,special_or_context,46,true,action_bact_then_selector,free_camera_candidate,trigger source AND not selector-suppressed/reset-only,turnActionIndex==0 OR later-action exception,confirmed_fixed_data
180,0x0b4,ダークフォース,ally,force_special,special_or_context,46,true,action_bact_then_selector,free_camera_candidate,trigger source AND not selector-suppressed/reset-only,turnActionIndex==0 OR later-action exception,confirmed_fixed_data
181,0x0b5,ライトフォース,ally,force_special,special_or_context,46,true,action_bact_then_selector,free_camera_candidate,trigger source AND not selector-suppressed/reset-only,turnActionIndex==0 OR later-action exception,confirmed_fixed_data
182,0x0b6,におうだち,ally,self,self,0,true,action_bact_then_selector,free_camera_candidate,trigger source AND not selector-suppressed/reset-only,turnActionIndex==0 OR later-action exception,confirmed_fixed_data
183,0x0b7,ＨＰパサー,ally,actor_specific,special_or_context,14,true,action_bact_then_selector,free_camera_candidate,trigger source AND not selector-suppressed/reset-only,turnActionIndex==0 OR later-action exception,confirmed_fixed_data
184,0x0b8,ＭＰパサー,ally,actor_specific,special_or_context,13,true,action_bact_then_selector,free_camera_candidate,trigger source AND not selector-suppressed/reset-only,turnActionIndex==0 OR later-action exception,confirmed_fixed_data
185,0x0b9,みがわり,ally,self,self,0,true,action_bact_then_selector,free_camera_candidate,trigger source AND not selector-suppressed/reset-only,turnActionIndex==0 OR later-action exception,confirmed_fixed_data
187,0x0bb,グランドネビュラ,opponent,group,opponent_group,1,true,action_bact_then_selector,free_camera_candidate,trigger source AND not selector-suppressed/reset-only,turnActionIndex==0 OR later-action exception,confirmed_fixed_data
188,0x0bc,いやしの[雨/あめ],ally,all_on_side,ally_all,48,true,action_bact_then_selector,free_camera_candidate,trigger source AND not selector-suppressed/reset-only,turnActionIndex==0 OR later-action exception,confirmed_fixed_data
189,0x0bd,いてつくはどう,opponent,all_on_side,opponent_all,49,true,action_bact_then_selector,free_camera_candidate,trigger source AND not selector-suppressed/reset-only,turnActionIndex==0 OR later-action exception,confirmed_fixed_data
190,0x0be,しんぴのさとり,ally,self,self,42,true,action_bact_then_selector,free_camera_candidate,trigger source AND not selector-suppressed/reset-only,turnActionIndex==0 OR later-action exception,confirmed_fixed_data
191,0x0bf,スキャンダル,opponent,group,opponent_group,19,true,action_bact_then_selector,free_camera_candidate,trigger source AND not selector-suppressed/reset-only,turnActionIndex==0 OR later-action exception,confirmed_fixed_data
192,0x0c0,メイクアップ,ally,self,self,50,true,action_bact_then_selector,free_camera_candidate,trigger source AND not selector-suppressed/reset-only,turnActionIndex==0 OR later-action exception,confirmed_fixed_data
194,0x0c2,スポットライト,opponent,all_on_side,opponent_all,51,true,action_bact_then_selector,free_camera_candidate,trigger source AND not selector-suppressed/reset-only,turnActionIndex==0 OR later-action exception,confirmed_fixed_data
195,0x0c3,バックダンサー[呼/よ]び,opponent,all_on_side,opponent_all,1,true,action_bact_then_selector,free_camera_candidate,trigger source AND not selector-suppressed/reset-only,turnActionIndex==0 OR later-action exception,confirmed_fixed_data
196,0x0c4,たたかいのうた,ally,all_on_side,ally_all,3,true,action_bact_then_selector,free_camera_candidate,trigger source AND not selector-suppressed/reset-only,turnActionIndex==0 OR later-action exception,confirmed_fixed_data
197,0x0c5,みのがす,opponent,all_on_side,opponent_all,52,true,action_bact_then_selector,free_camera_candidate,trigger source AND not selector-suppressed/reset-only,turnActionIndex==0 OR later-action exception,confirmed_fixed_data
198,0x0c6,なだめる,opponent,single,opponent_single_formation_ignored,53,true,action_bact_then_selector,free_camera_candidate,trigger source AND not selector-suppressed/reset-only,turnActionIndex==0 OR later-action exception,confirmed_fixed_data
199,0x0c7,ステルス,ally,self,self,54,true,action_bact_then_selector,free_camera_candidate,trigger source AND not selector-suppressed/reset-only,turnActionIndex==0 OR later-action exception,confirmed_fixed_data
200,0x0c8,まもりのきり,ally,self,self,55,true,action_bact_then_selector,free_camera_candidate,trigger source AND not selector-suppressed/reset-only,turnActionIndex==0 OR later-action exception,confirmed_fixed_data
201,0x0c9,オオカミアタック,opponent,all_on_side,opponent_all,1,true,action_bact_then_selector,free_camera_candidate,trigger source AND not selector-suppressed/reset-only,turnActionIndex==0 OR later-action exception,confirmed_fixed_data
202,0x0ca,ルーラ,ally,field_context,special_or_context,82,false,runtime_membership_or_none,state_dependent,trigger source AND not selector-suppressed/reset-only,turnActionIndex==0 OR later-action exception,candidate_requires_runtime_membership
205,0x0cd,リレミト,ally,field_context,special_or_context,84,false,runtime_membership_or_none,state_dependent,trigger source AND not selector-suppressed/reset-only,turnActionIndex==0 OR later-action exception,candidate_requires_runtime_membership
206,0x0ce,トラマナ,ally,all_on_side,ally_all,85,false,runtime_membership_or_none,state_dependent,trigger source AND not selector-suppressed/reset-only,turnActionIndex==0 OR later-action exception,candidate_requires_runtime_membership
207,0x0cf,くちぶえ,none_or_context,none_or_context,special_or_context,56,false,runtime_membership_or_none,state_dependent,trigger source AND not selector-suppressed/reset-only,turnActionIndex==0 OR later-action exception,candidate_requires_runtime_membership
208,0x0d0,かみのおつげ,ally,single,ally_single,86,false,runtime_membership_or_none,state_dependent,trigger source AND not selector-suppressed/reset-only,turnActionIndex==0 OR later-action exception,candidate_requires_runtime_membership
209,0x0d1,おはらい,ally,single,ally_single,87,false,runtime_membership_or_none,state_dependent,trigger source AND not selector-suppressed/reset-only,turnActionIndex==0 OR later-action exception,candidate_requires_runtime_membership
210,0x0d2,おとしあな,none_or_context,none_or_context,special_or_context,88,false,runtime_membership_or_none,state_dependent,trigger source AND not selector-suppressed/reset-only,turnActionIndex==0 OR later-action exception,candidate_requires_runtime_membership
211,0x0d3,とうぞくのはな,none_or_context,none_or_context,special_or_context,89,false,runtime_membership_or_none,state_dependent,trigger source AND not selector-suppressed/reset-only,turnActionIndex==0 OR later-action exception,candidate_requires_runtime_membership
212,0x0d4,みやぶる,none_or_context,none_or_context,special_or_context,45,false,runtime_membership_or_none,state_dependent,trigger source AND not selector-suppressed/reset-only,turnActionIndex==0 OR later-action exception,candidate_requires_runtime_membership
213,0x0d5,おたからさがし,none_or_context,none_or_context,special_or_context,90,false,runtime_membership_or_none,state_dependent,trigger source AND not selector-suppressed/reset-only,turnActionIndex==0 OR later-action exception,candidate_requires_runtime_membership
215,0x0d7,ダーマのさとり,ally,single,ally_single,91,false,runtime_membership_or_none,state_dependent,trigger source AND not selector-suppressed/reset-only,turnActionIndex==0 OR later-action exception,candidate_requires_runtime_membership
217,0x0d9,ステルス,ally,field_context,special_or_context,54,false,runtime_membership_or_none,state_dependent,trigger source AND not selector-suppressed/reset-only,turnActionIndex==0 OR later-action exception,candidate_requires_runtime_membership
219,0x0db,味方攻撃,ally,actor_specific,special_or_context,1,false,observed_actor_membership_then_selector,free_camera_candidate,trigger source AND not selector-suppressed/reset-only,turnActionIndex==0 OR later-action exception,confirmed_in_supplied_player_state
220,0x0dc,名称未登録,ally,self,self,0,false,runtime_membership_or_none,state_dependent,trigger source AND not selector-suppressed/reset-only,turnActionIndex==0 OR later-action exception,candidate_requires_runtime_membership
221,0x0dd,こんらんしている！,ally,self,self,0,false,runtime_membership_or_none,state_dependent,trigger source AND not selector-suppressed/reset-only,turnActionIndex==0 OR later-action exception,candidate_requires_runtime_membership
222,0x0de,結局体が,ally,self,self,0,false,runtime_membership_or_none,state_dependent,trigger source AND not selector-suppressed/reset-only,turnActionIndex==0 OR later-action exception,candidate_requires_runtime_membership
223,0x0df,こうげき,opponent,group,opponent_group,1,false,runtime_membership_or_none,state_dependent,trigger source AND not selector-suppressed/reset-only,turnActionIndex==0 OR later-action exception,candidate_requires_runtime_membership
224,0x0e0,こうげき,opponent,all_on_side,opponent_all,1,false,runtime_membership_or_none,state_dependent,trigger source AND not selector-suppressed/reset-only,turnActionIndex==0 OR later-action exception,candidate_requires_runtime_membership
225,0x0e1,にげる,ally,self,self,0,false,runtime_membership_or_none,state_dependent,trigger source AND not selector-suppressed/reset-only,turnActionIndex==0 OR later-action exception,candidate_requires_runtime_membership
226,0x0e2,ひのいき,opponent,all_on_side,opponent_all,1,false,runtime_membership_or_none,state_dependent,trigger source AND not selector-suppressed/reset-only,turnActionIndex==0 OR later-action exception,candidate_requires_runtime_membership
227,0x0e3,かえんのいき,opponent,all_on_side,opponent_all,1,false,runtime_membership_or_none,state_dependent,trigger source AND not selector-suppressed/reset-only,turnActionIndex==0 OR later-action exception,candidate_requires_runtime_membership
228,0x0e4,あまいいき,opponent,all_on_side,opponent_all,8,false,runtime_membership_or_none,state_dependent,trigger source AND not selector-suppressed/reset-only,turnActionIndex==0 OR later-action exception,candidate_requires_runtime_membership
229,0x0e5,どくのいき,opponent,all_on_side,opponent_all,6,false,runtime_membership_or_none,state_dependent,trigger source AND not selector-suppressed/reset-only,turnActionIndex==0 OR later-action exception,candidate_requires_runtime_membership
230,0x0e6,ねむり攻撃,opponent,single,opponent_single_formation_ignored,1,false,runtime_membership_or_none,state_dependent,trigger source AND not selector-suppressed/reset-only,turnActionIndex==0 OR later-action exception,candidate_requires_runtime_membership
231,0x0e7,どく攻撃,opponent,single,opponent_single_formation_ignored,1,false,runtime_membership_or_none,tracking_camera_one_rng,trigger source AND not selector-suppressed/reset-only,turnActionIndex==0 OR later-action exception,candidate_requires_runtime_membership
232,0x0e8,テンション下げ攻撃,opponent,single,opponent_single_formation_ignored,1,false,runtime_membership_or_none,state_dependent,trigger source AND not selector-suppressed/reset-only,turnActionIndex==0 OR later-action exception,candidate_requires_runtime_membership
233,0x0e9,鎌ブンブン,opponent,all_on_side,opponent_all,1,false,runtime_membership_or_none,state_dependent,trigger source AND not selector-suppressed/reset-only,turnActionIndex==0 OR later-action exception,candidate_requires_runtime_membership
234,0x0ea,[怪光線/かいこうせん],opponent,single,opponent_single_formation_ignored,1,false,runtime_membership_or_none,state_dependent,trigger source AND not selector-suppressed/reset-only,turnActionIndex==0 OR later-action exception,candidate_requires_runtime_membership
235,0x0eb,とつげき,opponent,single,opponent_single_formation_ignored,1,false,runtime_membership_or_none,state_dependent,trigger source AND not selector-suppressed/reset-only,turnActionIndex==0 OR later-action exception,candidate_requires_runtime_membership
236,0x0ec,やくそう,ally,single,ally_single,2,false,observed_no_static_trigger,no_free_camera_control,trigger source AND not selector-suppressed/reset-only,turnActionIndex==0 OR later-action exception,supported_by_no_bact_and_user_control
237,0x0ed,からにとじこもる,ally,self,self,0,false,runtime_membership_or_none,state_dependent,trigger source AND not selector-suppressed/reset-only,turnActionIndex==0 OR later-action exception,candidate_requires_runtime_membership
238,0x0ee,くすぐる,opponent,single,opponent_single_formation_ignored,10,false,runtime_membership_or_none,state_dependent,trigger source AND not selector-suppressed/reset-only,turnActionIndex==0 OR later-action exception,candidate_requires_runtime_membership
239,0x0ef,さそうおどり,opponent,single,opponent_single_formation_ignored,10,false,runtime_membership_or_none,state_dependent,trigger source AND not selector-suppressed/reset-only,turnActionIndex==0 OR later-action exception,candidate_requires_runtime_membership
242,0x0f2,Call For Backup,ally,self,self,11,false,runtime_membership_or_none,state_dependent,trigger source AND not selector-suppressed/reset-only,turnActionIndex==0 OR later-action exception,candidate_requires_runtime_membership
243,0x0f3,ふしぎなおどり,opponent,single,opponent_single_formation_ignored,57,false,runtime_membership_or_none,state_dependent,trigger source AND not selector-suppressed/reset-only,turnActionIndex==0 OR later-action exception,candidate_requires_runtime_membership
244,0x0f4,Critical Attack,opponent,single,opponent_single_formation_ignored,1,false,runtime_membership_or_none,state_dependent,trigger source AND not selector-suppressed/reset-only,turnActionIndex==0 OR later-action exception,candidate_requires_runtime_membership
245,0x0f5,Desperate Attack,opponent,single,opponent_single_formation_ignored,1,false,runtime_membership_or_none,state_dependent,trigger source AND not selector-suppressed/reset-only,turnActionIndex==0 OR later-action exception,candidate_requires_runtime_membership
246,0x0f6,メラ,opponent,single,opponent_single_formation_ignored,1,true,action_bact_then_selector,free_camera_candidate,trigger source AND not selector-suppressed/reset-only,turnActionIndex==0 OR later-action exception,confirmed_fixed_data
247,0x0f7,ヒャド,opponent,single,opponent_single_formation_ignored,1,true,action_bact_then_selector,free_camera_candidate,trigger source AND not selector-suppressed/reset-only,turnActionIndex==0 OR later-action exception,confirmed_fixed_data
248,0x0f8,顔を洗う,ally,self,self,0,false,runtime_membership_or_none,state_dependent,trigger source AND not selector-suppressed/reset-only,turnActionIndex==0 OR later-action exception,candidate_requires_runtime_membership
249,0x0f9,いなずまづき,opponent,single,opponent_single_formation_ignored,1,false,runtime_membership_or_none,state_dependent,trigger source AND not selector-suppressed/reset-only,turnActionIndex==0 OR later-action exception,candidate_requires_runtime_membership
250,0x0fa,ぱふぱふ,opponent,single,opponent_single_formation_ignored,10,false,runtime_membership_or_none,state_dependent,trigger source AND not selector-suppressed/reset-only,turnActionIndex==0 OR later-action exception,candidate_requires_runtime_membership
251,0x0fb,魔女の眼差し,opponent,all_on_side,opponent_all,1,false,runtime_membership_or_none,state_dependent,trigger source AND not selector-suppressed/reset-only,turnActionIndex==0 OR later-action exception,candidate_requires_runtime_membership
252,0x0fc,アイテム使用無効アイテム,ally,self,self,0,false,runtime_membership_or_none,state_dependent,trigger source AND not selector-suppressed/reset-only,turnActionIndex==0 OR later-action exception,candidate_requires_runtime_membership
253,0x0fd,まどうしの[杖/つえ],opponent,single,opponent_single_formation_ignored,1,true,action_bact_then_selector,free_camera_candidate,trigger source AND not selector-suppressed/reset-only,turnActionIndex==0 OR later-action exception,confirmed_fixed_data
254,0x0fe,名称未登録,opponent,group,opponent_group,1,true,action_bact_then_selector,free_camera_candidate,trigger source AND not selector-suppressed/reset-only,turnActionIndex==0 OR later-action exception,confirmed_fixed_data
255,0x0ff,やくそう,ally,single,ally_single,2,true,action_bact_then_selector,free_camera_candidate,trigger source AND not selector-suppressed/reset-only,turnActionIndex==0 OR later-action exception,confirmed_fixed_data
256,0x100,[上/じょう]やくそう,ally,single,ally_single,2,true,action_bact_then_selector,free_camera_candidate,trigger source AND not selector-suppressed/reset-only,turnActionIndex==0 OR later-action exception,confirmed_fixed_data
257,0x101,どくけしそう,ally,single,ally_single,7,true,action_bact_then_selector,free_camera_candidate,trigger source AND not selector-suppressed/reset-only,turnActionIndex==0 OR later-action exception,confirmed_fixed_data
258,0x102,まんげつそう,ally,single,ally_single,20,true,action_bact_then_selector,free_camera_candidate,trigger source AND not selector-suppressed/reset-only,turnActionIndex==0 OR later-action exception,confirmed_fixed_data
259,0x103,せいすい,ally,all_on_side,ally_all,54,false,runtime_membership_or_none,state_dependent,trigger source AND not selector-suppressed/reset-only,turnActionIndex==0 OR later-action exception,candidate_requires_runtime_membership
260,0x104,せいすい,opponent,single,opponent_single_formation_ignored,1,true,action_bact_then_selector,free_camera_candidate,trigger source AND not selector-suppressed/reset-only,turnActionIndex==0 OR later-action exception,confirmed_fixed_data
261,0x105,キメラのつばさ,ally,field_context,special_or_context,82,false,runtime_membership_or_none,state_dependent,trigger source AND not selector-suppressed/reset-only,turnActionIndex==0 OR later-action exception,candidate_requires_runtime_membership
262,0x106,[命/いのち]のきのみ,ally,field_context,special_or_context,29,false,runtime_membership_or_none,state_dependent,trigger source AND not selector-suppressed/reset-only,turnActionIndex==0 OR later-action exception,candidate_requires_runtime_membership
263,0x107,ふしぎなきのみ,ally,field_context,special_or_context,29,false,runtime_membership_or_none,state_dependent,trigger source AND not selector-suppressed/reset-only,turnActionIndex==0 OR later-action exception,candidate_requires_runtime_membership
264,0x108,はげしいほのお,opponent,all_on_side,opponent_all,1,false,runtime_membership_or_none,state_dependent,trigger source AND not selector-suppressed/reset-only,turnActionIndex==0 OR later-action exception,candidate_requires_runtime_membership
265,0x109,しゃくねつ,opponent,all_on_side,opponent_all,1,false,runtime_membership_or_none,state_dependent,trigger source AND not selector-suppressed/reset-only,turnActionIndex==0 OR later-action exception,candidate_requires_runtime_membership
266,0x10a,れんごくかえん,opponent,all_on_side,opponent_all,1,false,runtime_membership_or_none,state_dependent,trigger source AND not selector-suppressed/reset-only,turnActionIndex==0 OR later-action exception,candidate_requires_runtime_membership
267,0x10b,つめたいいき,opponent,all_on_side,opponent_all,1,false,runtime_membership_or_none,state_dependent,trigger source AND not selector-suppressed/reset-only,turnActionIndex==0 OR later-action exception,candidate_requires_runtime_membership
268,0x10c,こおりのいき,opponent,all_on_side,opponent_all,1,false,runtime_membership_or_none,state_dependent,trigger source AND not selector-suppressed/reset-only,turnActionIndex==0 OR later-action exception,candidate_requires_runtime_membership
269,0x10d,こごえるふぶき,opponent,all_on_side,opponent_all,1,false,runtime_membership_or_none,state_dependent,trigger source AND not selector-suppressed/reset-only,turnActionIndex==0 OR later-action exception,candidate_requires_runtime_membership
270,0x10e,かがやくいき,opponent,all_on_side,opponent_all,1,false,runtime_membership_or_none,state_dependent,trigger source AND not selector-suppressed/reset-only,turnActionIndex==0 OR later-action exception,candidate_requires_runtime_membership
271,0x10f,もうどくのきり,opponent,all_on_side,opponent_all,6,false,runtime_membership_or_none,state_dependent,trigger source AND not selector-suppressed/reset-only,turnActionIndex==0 OR later-action exception,candidate_requires_runtime_membership
272,0x110,やけつくいき,opponent,all_on_side,opponent_all,24,false,runtime_membership_or_none,state_dependent,trigger source AND not selector-suppressed/reset-only,turnActionIndex==0 OR later-action exception,candidate_requires_runtime_membership
273,0x111,マヒ攻撃,opponent,single,opponent_single_formation_ignored,1,false,runtime_membership_or_none,state_dependent,trigger source AND not selector-suppressed/reset-only,turnActionIndex==0 OR later-action exception,candidate_requires_runtime_membership
274,0x112,こんらん攻撃,opponent,single,opponent_single_formation_ignored,1,false,runtime_membership_or_none,state_dependent,trigger source AND not selector-suppressed/reset-only,turnActionIndex==0 OR later-action exception,candidate_requires_runtime_membership
275,0x113,もうどく攻撃,opponent,single,opponent_single_formation_ignored,1,false,runtime_membership_or_none,state_dependent,trigger source AND not selector-suppressed/reset-only,turnActionIndex==0 OR later-action exception,candidate_requires_runtime_membership
276,0x114,アイスジャベリン,opponent,single,opponent_single_formation_ignored,1,false,runtime_membership_or_none,state_dependent,trigger source AND not selector-suppressed/reset-only,turnActionIndex==0 OR later-action exception,candidate_requires_runtime_membership
277,0x115,岩投げ,opponent,single,opponent_single_formation_ignored,1,false,runtime_membership_or_none,state_dependent,trigger source AND not selector-suppressed/reset-only,turnActionIndex==0 OR later-action exception,candidate_requires_runtime_membership
278,0x116,スカッドミサイル,opponent,single,opponent_single_formation_ignored,1,false,runtime_membership_or_none,state_dependent,trigger source AND not selector-suppressed/reset-only,turnActionIndex==0 OR later-action exception,candidate_requires_runtime_membership
279,0x117,かえん[斬/ぎ]り,opponent,single,opponent_single_formation_ignored,1,false,runtime_membership_or_none,state_dependent,trigger source AND not selector-suppressed/reset-only,turnActionIndex==0 OR later-action exception,candidate_requires_runtime_membership
280,0x118,マヒャド[斬/ぎ]り,opponent,single,opponent_single_formation_ignored,1,false,runtime_membership_or_none,state_dependent,trigger source AND not selector-suppressed/reset-only,turnActionIndex==0 OR later-action exception,candidate_requires_runtime_membership
281,0x119,吸血,opponent,single,opponent_single_formation_ignored,1,false,runtime_membership_or_none,state_dependent,trigger source AND not selector-suppressed/reset-only,turnActionIndex==0 OR later-action exception,candidate_requires_runtime_membership
282,0x11a,きゅうしょ攻撃,opponent,single,opponent_single_formation_ignored,1,false,runtime_membership_or_none,state_dependent,trigger source AND not selector-suppressed/reset-only,turnActionIndex==0 OR later-action exception,candidate_requires_runtime_membership
283,0x11b,キャノン[砲/ほう],opponent,single,opponent_single_formation_ignored,1,false,runtime_membership_or_none,state_dependent,trigger source AND not selector-suppressed/reset-only,turnActionIndex==0 OR later-action exception,candidate_requires_runtime_membership
284,0x11c,バードカッター,opponent,all_on_side,opponent_all,1,false,runtime_membership_or_none,state_dependent,trigger source AND not selector-suppressed/reset-only,turnActionIndex==0 OR later-action exception,candidate_requires_runtime_membership
285,0x11d,いなずま,opponent,all_on_side,opponent_all,1,false,runtime_membership_or_none,state_dependent,trigger source AND not selector-suppressed/reset-only,turnActionIndex==0 OR later-action exception,candidate_requires_runtime_membership
286,0x11e,いなずま,opponent,all_on_side,opponent_all,1,false,runtime_membership_or_none,state_dependent,trigger source AND not selector-suppressed/reset-only,turnActionIndex==0 OR later-action exception,candidate_requires_runtime_membership
287,0x11f,じばく,opponent,all_on_side,opponent_all,1,false,runtime_membership_or_none,state_dependent,trigger source AND not selector-suppressed/reset-only,turnActionIndex==0 OR later-action exception,candidate_requires_runtime_membership
288,0x120,じばく,opponent,all_on_side,opponent_all,1,false,runtime_membership_or_none,state_dependent,trigger source AND not selector-suppressed/reset-only,turnActionIndex==0 OR later-action exception,candidate_requires_runtime_membership
289,0x121,地走り,opponent,all_on_side,opponent_all,1,false,runtime_membership_or_none,state_dependent,trigger source AND not selector-suppressed/reset-only,turnActionIndex==0 OR later-action exception,candidate_requires_runtime_membership
290,0x122,じひびき,opponent,all_on_side,opponent_all,1,false,runtime_membership_or_none,state_dependent,trigger source AND not selector-suppressed/reset-only,turnActionIndex==0 OR later-action exception,candidate_requires_runtime_membership
291,0x123,ビーム攻撃,opponent,all_on_side,opponent_all,1,false,runtime_membership_or_none,state_dependent,trigger source AND not selector-suppressed/reset-only,turnActionIndex==0 OR later-action exception,candidate_requires_runtime_membership
292,0x124,さみだれぎり,opponent,all_on_side,opponent_all,1,false,runtime_membership_or_none,state_dependent,trigger source AND not selector-suppressed/reset-only,turnActionIndex==0 OR later-action exception,candidate_requires_runtime_membership
293,0x125,マデュライトビーム,opponent,all_on_side,opponent_all,1,false,runtime_membership_or_none,state_dependent,trigger source AND not selector-suppressed/reset-only,turnActionIndex==0 OR later-action exception,candidate_requires_runtime_membership
294,0x126,おしつぶす,opponent,all_on_side,opponent_all,1,false,runtime_membership_or_none,state_dependent,trigger source AND not selector-suppressed/reset-only,turnActionIndex==0 OR later-action exception,candidate_requires_runtime_membership
295,0x127,もうどく[弾/だん],opponent,all_on_side,opponent_all,1,false,runtime_membership_or_none,state_dependent,trigger source AND not selector-suppressed/reset-only,turnActionIndex==0 OR later-action exception,candidate_requires_runtime_membership
296,0x128,トゲミサイル,opponent,all_on_side,opponent_all,1,false,runtime_membership_or_none,state_dependent,trigger source AND not selector-suppressed/reset-only,turnActionIndex==0 OR later-action exception,candidate_requires_runtime_membership
297,0x129,スライムシャワー,opponent,all_on_side,opponent_all,1,false,runtime_membership_or_none,state_dependent,trigger source AND not selector-suppressed/reset-only,turnActionIndex==0 OR later-action exception,candidate_requires_runtime_membership
298,0x12a,メラストーム,opponent,all_on_side,opponent_all,1,false,runtime_membership_or_none,state_dependent,trigger source AND not selector-suppressed/reset-only,turnActionIndex==0 OR later-action exception,candidate_requires_runtime_membership
299,0x12b,氷おとし,opponent,all_on_side,opponent_all,1,false,runtime_membership_or_none,state_dependent,trigger source AND not selector-suppressed/reset-only,turnActionIndex==0 OR later-action exception,candidate_requires_runtime_membership
300,0x12c,しんくうは,opponent,all_on_side,opponent_all,1,false,runtime_membership_or_none,state_dependent,trigger source AND not selector-suppressed/reset-only,turnActionIndex==0 OR later-action exception,candidate_requires_runtime_membership
301,0x12d,ロケットランチャー,opponent,all_on_side,opponent_all,1,false,runtime_membership_or_none,state_dependent,trigger source AND not selector-suppressed/reset-only,turnActionIndex==0 OR later-action exception,candidate_requires_runtime_membership
302,0x12e,矢嵐,opponent,all_on_side,opponent_all,1,false,runtime_membership_or_none,state_dependent,trigger source AND not selector-suppressed/reset-only,turnActionIndex==0 OR later-action exception,candidate_requires_runtime_membership
303,0x12f,波動砲攻撃,opponent,all_on_side,opponent_all,1,false,runtime_membership_or_none,state_dependent,trigger source AND not selector-suppressed/reset-only,turnActionIndex==0 OR later-action exception,candidate_requires_runtime_membership
304,0x130,ジゴスパーク,opponent,all_on_side,opponent_all,1,false,runtime_membership_or_none,state_dependent,trigger source AND not selector-suppressed/reset-only,turnActionIndex==0 OR later-action exception,candidate_requires_runtime_membership
305,0x131,ギガスラッシュ,opponent,all_on_side,opponent_all,1,false,runtime_membership_or_none,state_dependent,trigger source AND not selector-suppressed/reset-only,turnActionIndex==0 OR later-action exception,candidate_requires_runtime_membership
306,0x132,のしかかる,opponent,single,opponent_single_formation_ignored,1,false,runtime_membership_or_none,state_dependent,trigger source AND not selector-suppressed/reset-only,turnActionIndex==0 OR later-action exception,candidate_requires_runtime_membership
307,0x133,笑いながら攻撃,opponent,single,opponent_single_formation_ignored,1,false,runtime_membership_or_none,state_dependent,trigger source AND not selector-suppressed/reset-only,turnActionIndex==0 OR later-action exception,candidate_requires_runtime_membership
308,0x134,ボディアタック,opponent,single,opponent_single_formation_ignored,1,false,runtime_membership_or_none,state_dependent,trigger source AND not selector-suppressed/reset-only,turnActionIndex==0 OR later-action exception,candidate_requires_runtime_membership
309,0x135,ツメできりさく,opponent,single,opponent_single_formation_ignored,1,false,runtime_membership_or_none,state_dependent,trigger source AND not selector-suppressed/reset-only,turnActionIndex==0 OR later-action exception,candidate_requires_runtime_membership
310,0x136,ツメを振り回す,opponent,single,opponent_single_formation_ignored,1,false,runtime_membership_or_none,state_dependent,trigger source AND not selector-suppressed/reset-only,turnActionIndex==0 OR later-action exception,candidate_requires_runtime_membership
311,0x137,いきりたって攻撃,opponent,single,opponent_single_formation_ignored,1,false,runtime_membership_or_none,state_dependent,trigger source AND not selector-suppressed/reset-only,turnActionIndex==0 OR later-action exception,candidate_requires_runtime_membership
312,0x138,飛びかかる,opponent,single,opponent_single_formation_ignored,1,false,runtime_membership_or_none,state_dependent,trigger source AND not selector-suppressed/reset-only,turnActionIndex==0 OR later-action exception,candidate_requires_runtime_membership
313,0x139,弓矢うち,opponent,single,opponent_single_formation_ignored,1,false,runtime_membership_or_none,state_dependent,trigger source AND not selector-suppressed/reset-only,turnActionIndex==0 OR later-action exception,candidate_requires_runtime_membership
314,0x13a,はげしく斬りつける,opponent,single,opponent_single_formation_ignored,1,false,runtime_membership_or_none,state_dependent,trigger source AND not selector-suppressed/reset-only,turnActionIndex==0 OR later-action exception,candidate_requires_runtime_membership
315,0x13b,かみつく,opponent,single,opponent_single_formation_ignored,1,false,runtime_membership_or_none,state_dependent,trigger source AND not selector-suppressed/reset-only,turnActionIndex==0 OR later-action exception,candidate_requires_runtime_membership
316,0x13c,ふみつけ,opponent,single,opponent_single_formation_ignored,1,false,runtime_membership_or_none,state_dependent,trigger source AND not selector-suppressed/reset-only,turnActionIndex==0 OR later-action exception,candidate_requires_runtime_membership
317,0x13d,はりたおす,opponent,single,opponent_single_formation_ignored,1,false,runtime_membership_or_none,state_dependent,trigger source AND not selector-suppressed/reset-only,turnActionIndex==0 OR later-action exception,candidate_requires_runtime_membership
318,0x13e,Ｗアタック,opponent,single,opponent_single_formation_ignored,1,false,runtime_membership_or_none,state_dependent,trigger source AND not selector-suppressed/reset-only,turnActionIndex==0 OR later-action exception,candidate_requires_runtime_membership
319,0x13f,せかいじゅのは,ally,single,ally_single,18,false,runtime_membership_or_none,state_dependent,trigger source AND not selector-suppressed/reset-only,turnActionIndex==0 OR later-action exception,candidate_requires_runtime_membership
320,0x140,メガザルダンス,ally,all_on_side,ally_all,33,false,runtime_membership_or_none,state_dependent,trigger source AND not selector-suppressed/reset-only,turnActionIndex==0 OR later-action exception,candidate_requires_runtime_membership
321,0x141,ふしぎなおどり,opponent,single,opponent_single_formation_ignored,57,false,runtime_membership_or_none,state_dependent,trigger source AND not selector-suppressed/reset-only,turnActionIndex==0 OR later-action exception,candidate_requires_runtime_membership
322,0x142,ふしぎなおどり,opponent,single,opponent_single_formation_ignored,57,false,runtime_membership_or_none,state_dependent,trigger source AND not selector-suppressed/reset-only,turnActionIndex==0 OR later-action exception,candidate_requires_runtime_membership
323,0x143,すなけむり,opponent,all_on_side,opponent_all,19,false,runtime_membership_or_none,state_dependent,trigger source AND not selector-suppressed/reset-only,turnActionIndex==0 OR later-action exception,candidate_requires_runtime_membership
324,0x144,ねんえき,opponent,single,opponent_single_formation_ignored,5,false,runtime_membership_or_none,state_dependent,trigger source AND not selector-suppressed/reset-only,turnActionIndex==0 OR later-action exception,candidate_requires_runtime_membership
325,0x145,ねんまく[弾/だん],opponent,all_on_side,opponent_all,5,false,runtime_membership_or_none,state_dependent,trigger source AND not selector-suppressed/reset-only,turnActionIndex==0 OR later-action exception,candidate_requires_runtime_membership
326,0x146,かすみがくれ,ally,self,self,25,false,runtime_membership_or_none,state_dependent,trigger source AND not selector-suppressed/reset-only,turnActionIndex==0 OR later-action exception,candidate_requires_runtime_membership
327,0x147,すみ攻撃,opponent,single,opponent_single_formation_ignored,19,false,runtime_membership_or_none,state_dependent,trigger source AND not selector-suppressed/reset-only,turnActionIndex==0 OR later-action exception,candidate_requires_runtime_membership
328,0x148,まぶしいひかり,opponent,all_on_side,opponent_all,19,false,runtime_membership_or_none,state_dependent,trigger source AND not selector-suppressed/reset-only,turnActionIndex==0 OR later-action exception,candidate_requires_runtime_membership
329,0x149,うけながし,ally,self,self,0,false,runtime_membership_or_none,state_dependent,trigger source AND not selector-suppressed/reset-only,turnActionIndex==0 OR later-action exception,candidate_requires_runtime_membership
330,0x14a,Egg On x2,ally,actor_specific,special_or_context,15,false,runtime_membership_or_none,state_dependent,trigger source AND not selector-suppressed/reset-only,turnActionIndex==0 OR later-action exception,candidate_requires_runtime_membership
331,0x14b,名称未登録,opponent,single,opponent_single_formation_ignored,10,false,runtime_membership_or_none,state_dependent,trigger source AND not selector-suppressed/reset-only,turnActionIndex==0 OR later-action exception,candidate_requires_runtime_membership
332,0x14c,名称未登録,opponent,all_on_side,opponent_all,10,false,runtime_membership_or_none,state_dependent,trigger source AND not selector-suppressed/reset-only,turnActionIndex==0 OR later-action exception,candidate_requires_runtime_membership
333,0x14d,Lob Rope,opponent,single,opponent_single_formation_ignored,10,false,runtime_membership_or_none,state_dependent,trigger source AND not selector-suppressed/reset-only,turnActionIndex==0 OR later-action exception,candidate_requires_runtime_membership
334,0x14e,名称未登録,opponent,single,opponent_single_formation_ignored,1,false,runtime_membership_or_none,state_dependent,trigger source AND not selector-suppressed/reset-only,turnActionIndex==0 OR later-action exception,candidate_requires_runtime_membership
335,0x14f,名称未登録,opponent,all_on_side,opponent_all,1,false,runtime_membership_or_none,state_dependent,trigger source AND not selector-suppressed/reset-only,turnActionIndex==0 OR later-action exception,candidate_requires_runtime_membership
336,0x150,Miss & Fall,opponent,single,opponent_single_formation_ignored,0,false,runtime_membership_or_none,state_dependent,trigger source AND not selector-suppressed/reset-only,turnActionIndex==0 OR later-action exception,candidate_requires_runtime_membership
337,0x151,Tension 50,ally,self,self,15,false,runtime_membership_or_none,state_dependent,trigger source AND not selector-suppressed/reset-only,turnActionIndex==0 OR later-action exception,candidate_requires_runtime_membership
338,0x152,名称未登録,ally,self,self,15,false,runtime_membership_or_none,state_dependent,trigger source AND not selector-suppressed/reset-only,turnActionIndex==0 OR later-action exception,candidate_requires_runtime_membership
339,0x153,(46/256) [0F2] Call For Backup,ally,group,ally_group,58,false,runtime_membership_or_none,state_dependent,trigger source AND not selector-suppressed/reset-only,turnActionIndex==0 OR later-action exception,candidate_requires_runtime_membership
342,0x156,名称未登録,ally,self,self,60,false,runtime_membership_or_none,state_dependent,trigger source AND not selector-suppressed/reset-only,turnActionIndex==0 OR later-action exception,candidate_requires_runtime_membership
343,0x157,名称未登録,ally,self,self,60,false,runtime_membership_or_none,state_dependent,trigger source AND not selector-suppressed/reset-only,turnActionIndex==0 OR later-action exception,candidate_requires_runtime_membership
344,0x158,Call For Backup (winkster),ally,self,self,12,false,runtime_membership_or_none,state_dependent,trigger source AND not selector-suppressed/reset-only,turnActionIndex==0 OR later-action exception,candidate_requires_runtime_membership
345,0x159,Call For Backup (badger mager),ally,self,self,12,false,runtime_membership_or_none,state_dependent,trigger source AND not selector-suppressed/reset-only,turnActionIndex==0 OR later-action exception,candidate_requires_runtime_membership
346,0x15a,Call For Backup (badja),ally,self,self,12,false,runtime_membership_or_none,state_dependent,trigger source AND not selector-suppressed/reset-only,turnActionIndex==0 OR later-action exception,candidate_requires_runtime_membership
347,0x15b,Call For Backup (healslime),ally,self,self,12,false,runtime_membership_or_none,state_dependent,trigger source AND not selector-suppressed/reset-only,turnActionIndex==0 OR later-action exception,candidate_requires_runtime_membership
348,0x15c,名称未登録,ally,self,self,12,false,runtime_membership_or_none,state_dependent,trigger source AND not selector-suppressed/reset-only,turnActionIndex==0 OR later-action exception,candidate_requires_runtime_membership
349,0x15d,Call For Backup (cureslime),ally,self,self,12,false,runtime_membership_or_none,state_dependent,trigger source AND not selector-suppressed/reset-only,turnActionIndex==0 OR later-action exception,candidate_requires_runtime_membership
350,0x15e,名称未登録,ally,self,self,12,false,runtime_membership_or_none,state_dependent,trigger source AND not selector-suppressed/reset-only,turnActionIndex==0 OR later-action exception,candidate_requires_runtime_membership
351,0x15f,名称未登録,ally,self,self,12,false,runtime_membership_or_none,state_dependent,trigger source AND not selector-suppressed/reset-only,turnActionIndex==0 OR later-action exception,candidate_requires_runtime_membership
352,0x160,Call For Backup (live lava),ally,self,self,12,false,runtime_membership_or_none,state_dependent,trigger source AND not selector-suppressed/reset-only,turnActionIndex==0 OR later-action exception,candidate_requires_runtime_membership
353,0x161,名称未登録,ally,self,self,12,false,runtime_membership_or_none,state_dependent,trigger source AND not selector-suppressed/reset-only,turnActionIndex==0 OR later-action exception,candidate_requires_runtime_membership
354,0x162,名称未登録,ally,self,self,12,false,runtime_membership_or_none,state_dependent,trigger source AND not selector-suppressed/reset-only,turnActionIndex==0 OR later-action exception,candidate_requires_runtime_membership
356,0x164,名称未登録,ally,self,self,12,false,runtime_membership_or_none,state_dependent,trigger source AND not selector-suppressed/reset-only,turnActionIndex==0 OR later-action exception,candidate_requires_runtime_membership
358,0x166,名称未登録,ally,self,self,12,false,runtime_membership_or_none,state_dependent,trigger source AND not selector-suppressed/reset-only,turnActionIndex==0 OR later-action exception,candidate_requires_runtime_membership
359,0x167,名称未登録,ally,self,self,12,false,runtime_membership_or_none,state_dependent,trigger source AND not selector-suppressed/reset-only,turnActionIndex==0 OR later-action exception,candidate_requires_runtime_membership
360,0x168,Can't Make Up Mind,ally,self,self,0,false,runtime_membership_or_none,state_dependent,trigger source AND not selector-suppressed/reset-only,turnActionIndex==0 OR later-action exception,candidate_requires_runtime_membership
361,0x169,(48/256) [133] (1),ally,self,self,0,false,runtime_membership_or_none,state_dependent,trigger source AND not selector-suppressed/reset-only,turnActionIndex==0 OR later-action exception,candidate_requires_runtime_membership
362,0x16a,(58/256) [0E1] Flee,ally,self,self,0,false,runtime_membership_or_none,state_dependent,trigger source AND not selector-suppressed/reset-only,turnActionIndex==0 OR later-action exception,candidate_requires_runtime_membership
363,0x16b,(42/256) [150] (1) Miss & Fall,ally,self,self,0,false,runtime_membership_or_none,state_dependent,trigger source AND not selector-suppressed/reset-only,turnActionIndex==0 OR later-action exception,candidate_requires_runtime_membership
364,0x16c,Fluff Around,ally,self,self,0,false,runtime_membership_or_none,state_dependent,trigger source AND not selector-suppressed/reset-only,turnActionIndex==0 OR later-action exception,candidate_requires_runtime_membership
365,0x16d,名称未登録,ally,self,self,0,false,runtime_membership_or_none,state_dependent,trigger source AND not selector-suppressed/reset-only,turnActionIndex==0 OR later-action exception,candidate_requires_runtime_membership
366,0x16e,Assess Situation,ally,self,self,0,false,runtime_membership_or_none,state_dependent,trigger source AND not selector-suppressed/reset-only,turnActionIndex==0 OR later-action exception,candidate_requires_runtime_membership
367,0x16f,名称未登録,ally,self,self,0,false,runtime_membership_or_none,state_dependent,trigger source AND not selector-suppressed/reset-only,turnActionIndex==0 OR later-action exception,candidate_requires_runtime_membership
368,0x170,名称未登録,ally,self,self,0,false,runtime_membership_or_none,state_dependent,trigger source AND not selector-suppressed/reset-only,turnActionIndex==0 OR later-action exception,candidate_requires_runtime_membership
369,0x171,名称未登録,opponent,all_on_side,opponent_all,1,true,action_bact_then_selector,free_camera_candidate,trigger source AND not selector-suppressed/reset-only,turnActionIndex==0 OR later-action exception,confirmed_fixed_data
370,0x172,名称未登録,opponent,all_on_side,opponent_all,1,true,action_bact_then_selector,free_camera_candidate,trigger source AND not selector-suppressed/reset-only,turnActionIndex==0 OR later-action exception,confirmed_fixed_data
371,0x173,さじんのヤリ,opponent,all_on_side,opponent_all,19,true,action_bact_then_selector,free_camera_candidate,trigger source AND not selector-suppressed/reset-only,turnActionIndex==0 OR later-action exception,confirmed_fixed_data
372,0x174,名称未登録,opponent,group,opponent_group,1,true,action_bact_then_selector,free_camera_candidate,trigger source AND not selector-suppressed/reset-only,turnActionIndex==0 OR later-action exception,confirmed_fixed_data
373,0x175,名称未登録,opponent,group,opponent_group,1,true,action_bact_then_selector,free_camera_candidate,trigger source AND not selector-suppressed/reset-only,turnActionIndex==0 OR later-action exception,confirmed_fixed_data
374,0x176,ストロスの[杖/つえ],ally,all_on_side,ally_all,20,true,action_bact_then_selector,free_camera_candidate,trigger source AND not selector-suppressed/reset-only,turnActionIndex==0 OR later-action exception,confirmed_fixed_data
375,0x177,名称未登録,opponent,group,opponent_group,1,true,action_bact_then_selector,free_camera_candidate,trigger source AND not selector-suppressed/reset-only,turnActionIndex==0 OR later-action exception,confirmed_fixed_data
376,0x178,マグマの[杖/つえ],opponent,all_on_side,opponent_all,1,true,action_bact_then_selector,free_camera_candidate,trigger source AND not selector-suppressed/reset-only,turnActionIndex==0 OR later-action exception,confirmed_fixed_data
377,0x179,名称未登録,opponent,group,opponent_group,1,true,action_bact_then_selector,free_camera_candidate,trigger source AND not selector-suppressed/reset-only,turnActionIndex==0 OR later-action exception,confirmed_fixed_data
378,0x17a,スーンスタッフ,ally,single,ally_single,4,true,action_bact_then_selector,free_camera_candidate,trigger source AND not selector-suppressed/reset-only,turnActionIndex==0 OR later-action exception,confirmed_fixed_data
379,0x17b,ウィザードスタッフ,ally,group,ally_group,4,true,action_bact_then_selector,free_camera_candidate,trigger source AND not selector-suppressed/reset-only,turnActionIndex==0 OR later-action exception,confirmed_fixed_data
380,0x17c,まてきの[杖/つえ],opponent,group,opponent_group,10,true,action_bact_then_selector,free_camera_candidate,trigger source AND not selector-suppressed/reset-only,turnActionIndex==0 OR later-action exception,confirmed_fixed_data
381,0x17d,ガナンのおうしゃく,opponent,group,opponent_group,22,true,action_bact_then_selector,free_camera_candidate,trigger source AND not selector-suppressed/reset-only,turnActionIndex==0 OR later-action exception,confirmed_fixed_data
382,0x17e,名称未登録,ally,single,ally_single,23,true,action_bact_then_selector,free_camera_candidate,trigger source AND not selector-suppressed/reset-only,turnActionIndex==0 OR later-action exception,confirmed_fixed_data
383,0x17f,ドラゴンの[杖/つえ],opponent,all_on_side,opponent_all,1,true,action_bact_then_selector,free_camera_candidate,trigger source AND not selector-suppressed/reset-only,turnActionIndex==0 OR later-action exception,confirmed_fixed_data
384,0x180,名称未登録,opponent,all_on_side,opponent_all,49,true,action_bact_then_selector,free_camera_candidate,trigger source AND not selector-suppressed/reset-only,turnActionIndex==0 OR later-action exception,confirmed_fixed_data
385,0x181,名称未登録,ally,self,self,55,true,action_bact_then_selector,free_camera_candidate,trigger source AND not selector-suppressed/reset-only,turnActionIndex==0 OR later-action exception,confirmed_fixed_data
386,0x182,名称未登録,opponent,single,opponent_single_formation_ignored,1,true,action_bact_then_selector,free_camera_candidate,trigger source AND not selector-suppressed/reset-only,turnActionIndex==0 OR later-action exception,confirmed_fixed_data
387,0x183,きりんのおうぎ,ally,single,ally_single,2,true,action_bact_then_selector,free_camera_candidate,trigger source AND not selector-suppressed/reset-only,turnActionIndex==0 OR later-action exception,confirmed_fixed_data
388,0x184,名称未登録,opponent,group,opponent_group,1,false,runtime_membership_or_none,state_dependent,trigger source AND not selector-suppressed/reset-only,turnActionIndex==0 OR later-action exception,candidate_requires_runtime_membership
389,0x185,ケイロンの[弓/ゆみ],ally,all_on_side,ally_all,2,true,action_bact_then_selector,free_camera_candidate,trigger source AND not selector-suppressed/reset-only,turnActionIndex==0 OR later-action exception,confirmed_fixed_data
390,0x186,ほのおの[盾/たて],ally,all_on_side,ally_all,61,true,action_bact_then_selector,free_camera_candidate,trigger source AND not selector-suppressed/reset-only,turnActionIndex==0 OR later-action exception,confirmed_fixed_data
391,0x187,こおりの[盾/たて],ally,all_on_side,ally_all,62,true,action_bact_then_selector,free_camera_candidate,trigger source AND not selector-suppressed/reset-only,turnActionIndex==0 OR later-action exception,confirmed_fixed_data
392,0x188,ふうじんの[盾/たて],ally,self,self,32,true,action_bact_then_selector,free_camera_candidate,trigger source AND not selector-suppressed/reset-only,turnActionIndex==0 OR later-action exception,confirmed_fixed_data
393,0x189,混乱麻痺,ally,self,self,2,true,action_bact_then_selector,free_camera_candidate,trigger source AND not selector-suppressed/reset-only,turnActionIndex==0 OR later-action exception,confirmed_fixed_data
394,0x18a,おやぶんの[盾/たて],opponent,single,opponent_single_formation_ignored,4,true,action_bact_then_selector,free_camera_candidate,trigger source AND not selector-suppressed/reset-only,turnActionIndex==0 OR later-action exception,confirmed_fixed_data
395,0x18b,[大/おお]おやぶんの[盾/たて],opponent,group,opponent_group,4,true,action_bact_then_selector,free_camera_candidate,trigger source AND not selector-suppressed/reset-only,turnActionIndex==0 OR later-action exception,confirmed_fixed_data
396,0x18c,名称未登録,ally,group,ally_group,22,true,action_bact_then_selector,free_camera_candidate,trigger source AND not selector-suppressed/reset-only,turnActionIndex==0 OR later-action exception,confirmed_fixed_data
397,0x18d,いのりのゆびわ,ally,self,self,26,true,action_bact_then_selector,free_camera_candidate,trigger source AND not selector-suppressed/reset-only,turnActionIndex==0 OR later-action exception,confirmed_fixed_data
398,0x18e,[特/とく]やくそう,ally,single,ally_single,2,true,action_bact_then_selector,free_camera_candidate,trigger source AND not selector-suppressed/reset-only,turnActionIndex==0 OR later-action exception,confirmed_fixed_data
399,0x18f,いやしそう,ally,single,ally_single,2,true,action_bact_then_selector,free_camera_candidate,trigger source AND not selector-suppressed/reset-only,turnActionIndex==0 OR later-action exception,confirmed_fixed_data
400,0x190,[上/じょう]どくけしそう,ally,single,ally_single,2,true,action_bact_then_selector,free_camera_candidate,trigger source AND not selector-suppressed/reset-only,turnActionIndex==0 OR later-action exception,confirmed_fixed_data
401,0x191,[特/とく]どくけしそう,ally,single,ally_single,2,true,action_bact_then_selector,free_camera_candidate,trigger source AND not selector-suppressed/reset-only,turnActionIndex==0 OR later-action exception,confirmed_fixed_data
402,0x192,きつけそう,ally,single,ally_single,2,true,action_bact_then_selector,free_camera_candidate,trigger source AND not selector-suppressed/reset-only,turnActionIndex==0 OR later-action exception,confirmed_fixed_data
403,0x193,つきのめぐみ,ally,single,ally_single,2,true,action_bact_then_selector,free_camera_candidate,trigger source AND not selector-suppressed/reset-only,turnActionIndex==0 OR later-action exception,confirmed_fixed_data
404,0x194,[天使/てんし]のすず,ally,single,ally_single,27,true,action_bact_then_selector,free_camera_candidate,trigger source AND not selector-suppressed/reset-only,turnActionIndex==0 OR later-action exception,confirmed_fixed_data
405,0x195,ばんのうぐすり,ally,single,ally_single,79,true,action_bact_then_selector,free_camera_candidate,trigger source AND not selector-suppressed/reset-only,turnActionIndex==0 OR later-action exception,confirmed_fixed_data
406,0x196,[超/ちょう]ばんのうぐすり,ally,single,ally_single,80,true,action_bact_then_selector,free_camera_candidate,trigger source AND not selector-suppressed/reset-only,turnActionIndex==0 OR later-action exception,confirmed_fixed_data
407,0x197,せかいじゅのは,ally,single,ally_single,18,true,action_bact_then_selector,free_camera_candidate,trigger source AND not selector-suppressed/reset-only,turnActionIndex==0 OR later-action exception,confirmed_fixed_data
408,0x198,せかいじゅのしずく,ally,all_on_side,ally_all,2,true,action_bact_then_selector,free_camera_candidate,trigger source AND not selector-suppressed/reset-only,turnActionIndex==0 OR later-action exception,confirmed_fixed_data
409,0x199,まほうのせいすい,ally,single,ally_single,26,true,action_bact_then_selector,free_camera_candidate,trigger source AND not selector-suppressed/reset-only,turnActionIndex==0 OR later-action exception,confirmed_fixed_data
410,0x19a,けんじゃのせいすい,ally,single,ally_single,26,true,action_bact_then_selector,free_camera_candidate,trigger source AND not selector-suppressed/reset-only,turnActionIndex==0 OR later-action exception,confirmed_fixed_data
411,0x19b,エルフののみぐすり,ally,single,ally_single,26,true,action_bact_then_selector,free_camera_candidate,trigger source AND not selector-suppressed/reset-only,turnActionIndex==0 OR later-action exception,confirmed_fixed_data
412,0x19c,おかしなくすり,opponent,single,opponent_single_formation_ignored,21,true,action_bact_then_selector,free_camera_candidate,trigger source AND not selector-suppressed/reset-only,turnActionIndex==0 OR later-action exception,confirmed_fixed_data
413,0x19d,どくがのこな,opponent,single,opponent_single_formation_ignored,24,true,action_bact_then_selector,free_camera_candidate,trigger source AND not selector-suppressed/reset-only,turnActionIndex==0 OR later-action exception,confirmed_fixed_data
414,0x19e,まだらくもいと,opponent,all_on_side,opponent_all,5,true,action_bact_then_selector,free_camera_candidate,trigger source AND not selector-suppressed/reset-only,turnActionIndex==0 OR later-action exception,confirmed_fixed_data
415,0x19f,ばくだん[石/いし],opponent,all_on_side,opponent_all,1,true,action_bact_then_selector,free_camera_candidate,trigger source AND not selector-suppressed/reset-only,turnActionIndex==0 OR later-action exception,confirmed_fixed_data
416,0x1a0,けんじゃの[石/いし],ally,all_on_side,ally_all,2,true,action_bact_then_selector,free_camera_candidate,trigger source AND not selector-suppressed/reset-only,turnActionIndex==0 OR later-action exception,confirmed_fixed_data
417,0x1a1,ミミックの[石/いし],opponent,all_on_side,opponent_all,17,false,runtime_membership_or_none,state_dependent,trigger source AND not selector-suppressed/reset-only,turnActionIndex==0 OR later-action exception,candidate_requires_runtime_membership
418,0x1a2,ぜんめつの[石/いし],ally,all_on_side,ally_all,17,false,runtime_membership_or_none,state_dependent,trigger source AND not selector-suppressed/reset-only,turnActionIndex==0 OR later-action exception,candidate_requires_runtime_membership
419,0x1a3,名称未登録,ally,self,self,92,false,runtime_membership_or_none,state_dependent,trigger source AND not selector-suppressed/reset-only,turnActionIndex==0 OR later-action exception,candidate_requires_runtime_membership
420,0x1a4,名称未登録,ally,all_on_side,ally_all,81,false,runtime_membership_or_none,state_dependent,trigger source AND not selector-suppressed/reset-only,turnActionIndex==0 OR later-action exception,candidate_requires_runtime_membership
421,0x1a5,ちからのたね,ally,field_context,special_or_context,29,false,runtime_membership_or_none,state_dependent,trigger source AND not selector-suppressed/reset-only,turnActionIndex==0 OR later-action exception,candidate_requires_runtime_membership
422,0x1a6,きようさのたね,ally,field_context,special_or_context,29,false,runtime_membership_or_none,state_dependent,trigger source AND not selector-suppressed/reset-only,turnActionIndex==0 OR later-action exception,candidate_requires_runtime_membership
423,0x1a7,すばやさのたね,ally,field_context,special_or_context,29,false,runtime_membership_or_none,state_dependent,trigger source AND not selector-suppressed/reset-only,turnActionIndex==0 OR later-action exception,candidate_requires_runtime_membership
424,0x1a8,まもりのたね,ally,field_context,special_or_context,29,false,runtime_membership_or_none,state_dependent,trigger source AND not selector-suppressed/reset-only,turnActionIndex==0 OR later-action exception,candidate_requires_runtime_membership
425,0x1a9,まりょくのたね,ally,field_context,special_or_context,29,false,runtime_membership_or_none,state_dependent,trigger source AND not selector-suppressed/reset-only,turnActionIndex==0 OR later-action exception,candidate_requires_runtime_membership
426,0x1aa,しんこうのたね,ally,field_context,special_or_context,29,false,runtime_membership_or_none,state_dependent,trigger source AND not selector-suppressed/reset-only,turnActionIndex==0 OR later-action exception,candidate_requires_runtime_membership
427,0x1ab,スキルのたね,ally,field_context,special_or_context,29,false,runtime_membership_or_none,state_dependent,trigger source AND not selector-suppressed/reset-only,turnActionIndex==0 OR later-action exception,candidate_requires_runtime_membership
428,0x1ac,うつくしそう,ally,field_context,special_or_context,29,false,runtime_membership_or_none,state_dependent,trigger source AND not selector-suppressed/reset-only,turnActionIndex==0 OR later-action exception,candidate_requires_runtime_membership
445,0x1bd,ゆめみの[花/はな],opponent,single,opponent_single_formation_ignored,8,true,action_bact_then_selector,free_camera_candidate,trigger source AND not selector-suppressed/reset-only,turnActionIndex==0 OR later-action exception,confirmed_fixed_data
446,0x1be,めざめの[花/はな],ally,single,ally_single,9,true,action_bact_then_selector,free_camera_candidate,trigger source AND not selector-suppressed/reset-only,turnActionIndex==0 OR later-action exception,confirmed_fixed_data
447,0x1bf,ハッピークラッカー,opponent,all_on_side,opponent_all,10,true,action_bact_then_selector,free_camera_candidate,trigger source AND not selector-suppressed/reset-only,turnActionIndex==0 OR later-action exception,confirmed_fixed_data
448,0x1c0,おせちりょうり,ally,single,ally_single,2,true,action_bact_then_selector,free_camera_candidate,trigger source AND not selector-suppressed/reset-only,turnActionIndex==0 OR later-action exception,confirmed_fixed_data
449,0x1c1,ふつうのチョコ,ally,single,ally_single,2,true,action_bact_then_selector,free_camera_candidate,trigger source AND not selector-suppressed/reset-only,turnActionIndex==0 OR later-action exception,confirmed_fixed_data
450,0x1c2,ごうかなチョコ,ally,single,ally_single,2,true,action_bact_then_selector,free_camera_candidate,trigger source AND not selector-suppressed/reset-only,turnActionIndex==0 OR later-action exception,confirmed_fixed_data
451,0x1c3,ふつうのクッキー,ally,single,ally_single,2,true,action_bact_then_selector,free_camera_candidate,trigger source AND not selector-suppressed/reset-only,turnActionIndex==0 OR later-action exception,confirmed_fixed_data
452,0x1c4,ごうかなクッキー,ally,single,ally_single,2,true,action_bact_then_selector,free_camera_candidate,trigger source AND not selector-suppressed/reset-only,turnActionIndex==0 OR later-action exception,confirmed_fixed_data
453,0x1c5,クリスマスケーキ,ally,single,ally_single,2,true,action_bact_then_selector,free_camera_candidate,trigger source AND not selector-suppressed/reset-only,turnActionIndex==0 OR later-action exception,confirmed_fixed_data
454,0x1c6,バースデーケーキ,ally,single,ally_single,2,true,action_bact_then_selector,free_camera_candidate,trigger source AND not selector-suppressed/reset-only,turnActionIndex==0 OR later-action exception,confirmed_fixed_data
455,0x1c7,メラミ,opponent,single,opponent_single_formation_ignored,1,true,action_bact_then_selector,free_camera_candidate,trigger source AND not selector-suppressed/reset-only,turnActionIndex==0 OR later-action exception,confirmed_fixed_data
456,0x1c8,メラゾーマ,opponent,single,opponent_single_formation_ignored,1,true,action_bact_then_selector,free_camera_candidate,trigger source AND not selector-suppressed/reset-only,turnActionIndex==0 OR later-action exception,confirmed_fixed_data
457,0x1c9,ドルマ,opponent,single,opponent_single_formation_ignored,1,true,action_bact_then_selector,free_camera_candidate,trigger source AND not selector-suppressed/reset-only,turnActionIndex==0 OR later-action exception,confirmed_fixed_data
458,0x1ca,ドルクマ,opponent,single,opponent_single_formation_ignored,1,true,action_bact_then_selector,free_camera_candidate,trigger source AND not selector-suppressed/reset-only,turnActionIndex==0 OR later-action exception,confirmed_fixed_data
459,0x1cb,ドルモーア,opponent,single,opponent_single_formation_ignored,1,true,action_bact_then_selector,free_camera_candidate,trigger source AND not selector-suppressed/reset-only,turnActionIndex==0 OR later-action exception,confirmed_fixed_data
460,0x1cc,ヒャダルコ,opponent,group,opponent_group,1,true,action_bact_then_selector,free_camera_candidate,trigger source AND not selector-suppressed/reset-only,turnActionIndex==0 OR later-action exception,confirmed_fixed_data
461,0x1cd,マヒャド,opponent,all_on_side,opponent_all,1,true,action_bact_then_selector,free_camera_candidate,trigger source AND not selector-suppressed/reset-only,turnActionIndex==0 OR later-action exception,confirmed_fixed_data
462,0x1ce,バギ,opponent,group,opponent_group,1,true,action_bact_then_selector,free_camera_candidate,trigger source AND not selector-suppressed/reset-only,turnActionIndex==0 OR later-action exception,confirmed_fixed_data
463,0x1cf,バギマ,opponent,group,opponent_group,1,true,action_bact_then_selector,free_camera_candidate,trigger source AND not selector-suppressed/reset-only,turnActionIndex==0 OR later-action exception,confirmed_fixed_data
464,0x1d0,バギクロス,opponent,group,opponent_group,1,true,action_bact_then_selector,free_camera_candidate,trigger source AND not selector-suppressed/reset-only,turnActionIndex==0 OR later-action exception,confirmed_fixed_data
465,0x1d1,イオ,opponent,all_on_side,opponent_all,1,true,action_bact_then_selector,free_camera_candidate,trigger source AND not selector-suppressed/reset-only,turnActionIndex==0 OR later-action exception,confirmed_fixed_data
466,0x1d2,イオラ,opponent,all_on_side,opponent_all,1,true,action_bact_then_selector,free_camera_candidate,trigger source AND not selector-suppressed/reset-only,turnActionIndex==0 OR later-action exception,confirmed_fixed_data
467,0x1d3,イオナズン,opponent,all_on_side,opponent_all,1,true,action_bact_then_selector,free_camera_candidate,trigger source AND not selector-suppressed/reset-only,turnActionIndex==0 OR later-action exception,confirmed_fixed_data
468,0x1d4,ベホマズン,ally,all_on_side,ally_all,2,true,action_bact_then_selector,free_camera_candidate,trigger source AND not selector-suppressed/reset-only,turnActionIndex==0 OR later-action exception,confirmed_fixed_data
469,0x1d5,マホトラ,opponent,single,opponent_single_formation_ignored,28,true,action_bact_then_selector,free_camera_candidate,trigger source AND not selector-suppressed/reset-only,turnActionIndex==0 OR later-action exception,confirmed_fixed_data
470,0x1d6,Summon medislime,ally,self,self,12,false,runtime_membership_or_none,state_dependent,trigger source AND not selector-suppressed/reset-only,turnActionIndex==0 OR later-action exception,candidate_requires_runtime_membership
472,0x1d8,名称未登録,ally,self,self,12,false,runtime_membership_or_none,state_dependent,trigger source AND not selector-suppressed/reset-only,turnActionIndex==0 OR later-action exception,candidate_requires_runtime_membership
473,0x1d9,名称未登録,ally,self,self,12,false,runtime_membership_or_none,state_dependent,trigger source AND not selector-suppressed/reset-only,turnActionIndex==0 OR later-action exception,candidate_requires_runtime_membership
474,0x1da,名称未登録,ally,self,self,11,false,runtime_membership_or_none,state_dependent,trigger source AND not selector-suppressed/reset-only,turnActionIndex==0 OR later-action exception,candidate_requires_runtime_membership
476,0x1dc,やいばのぼうぎょ,ally,self,self,66,true,action_bact_then_selector,free_camera_candidate,trigger source AND not selector-suppressed/reset-only,turnActionIndex==0 OR later-action exception,confirmed_fixed_data
477,0x1dd,サインぜめ,opponent,single,opponent_single_formation_ignored,1,true,action_bact_then_selector,free_camera_candidate,trigger source AND not selector-suppressed/reset-only,turnActionIndex==0 OR later-action exception,confirmed_fixed_data
479,0x1df,ゴールドシャワー,opponent,all_on_side,opponent_all,1,true,action_bact_then_selector,free_camera_candidate,trigger source AND not selector-suppressed/reset-only,turnActionIndex==0 OR later-action exception,confirmed_fixed_data
500,0x1f4,名称未登録,ally,self,self,24,false,runtime_membership_or_none,state_dependent,trigger source AND not selector-suppressed/reset-only,turnActionIndex==0 OR later-action exception,candidate_requires_runtime_membership
501,0x1f5,名称未登録,ally,self,self,0,false,runtime_membership_or_none,state_dependent,trigger source AND not selector-suppressed/reset-only,turnActionIndex==0 OR later-action exception,candidate_requires_runtime_membership
502,0x1f6,名称未登録,ally,self,self,0,false,runtime_membership_or_none,state_dependent,trigger source AND not selector-suppressed/reset-only,turnActionIndex==0 OR later-action exception,candidate_requires_runtime_membership
503,0x1f7,名称未登録,ally,self,self,0,false,runtime_membership_or_none,state_dependent,trigger source AND not selector-suppressed/reset-only,turnActionIndex==0 OR later-action exception,candidate_requires_runtime_membership
504,0x1f8,名称未登録,ally,self,self,0,false,runtime_membership_or_none,state_dependent,trigger source AND not selector-suppressed/reset-only,turnActionIndex==0 OR later-action exception,candidate_requires_runtime_membership
505,0x1f9,[会心/かいしん][必中/ひっちゅう],opponent,single,opponent_single_formation_ignored,1,true,action_bact_then_selector,free_camera_candidate,trigger source AND not selector-suppressed/reset-only,turnActionIndex==0 OR later-action exception,confirmed_fixed_data
506,0x1fa,ゴスペルソング,ally,all_on_side,ally_all,67,true,action_bact_then_selector,free_camera_candidate,trigger source AND not selector-suppressed/reset-only,turnActionIndex==0 OR later-action exception,confirmed_fixed_data
507,0x1fb,ミラクルゾーン,ally,self,self,68,true,action_bact_then_selector,free_camera_candidate,trigger source AND not selector-suppressed/reset-only,turnActionIndex==0 OR later-action exception,confirmed_fixed_data
508,0x1fc,[一喝/いっかつ],opponent,all_on_side,opponent_all,10,true,action_bact_then_selector,free_camera_candidate,trigger source AND not selector-suppressed/reset-only,turnActionIndex==0 OR later-action exception,confirmed_fixed_data
509,0x1fd,お[宝/たから]ハンター,opponent,group,opponent_group,69,true,action_bact_then_selector,free_camera_candidate,trigger source AND not selector-suppressed/reset-only,turnActionIndex==0 OR later-action exception,confirmed_fixed_data
510,0x1fe,アクロバットスター,ally,self,self,70,true,action_bact_then_selector,free_camera_candidate,trigger source AND not selector-suppressed/reset-only,turnActionIndex==0 OR later-action exception,confirmed_fixed_data
511,0x1ff,テンションブースト,ally,self,self,71,true,action_bact_then_selector,free_camera_candidate,trigger source AND not selector-suppressed/reset-only,turnActionIndex==0 OR later-action exception,confirmed_fixed_data
512,0x200,ＥＸＰルーレット,ally,all_on_side,ally_all,72,true,action_bact_then_selector,free_camera_candidate,trigger source AND not selector-suppressed/reset-only,turnActionIndex==0 OR later-action exception,confirmed_fixed_data
513,0x201,パラディンガード,opponent,all_on_side,opponent_all,73,true,action_bact_then_selector,free_camera_candidate,trigger source AND not selector-suppressed/reset-only,turnActionIndex==0 OR later-action exception,confirmed_fixed_data
514,0x202,[神/かみ]の[息吹/いぶき],ally,self,self,26,true,action_bact_then_selector,free_camera_candidate,trigger source AND not selector-suppressed/reset-only,turnActionIndex==0 OR later-action exception,confirmed_fixed_data
516,0x204,[妖精/ようせい]たちのポルカ,ally,self,self,74,true,action_bact_then_selector,free_camera_candidate,trigger source AND not selector-suppressed/reset-only,turnActionIndex==0 OR later-action exception,confirmed_fixed_data
517,0x205,[覇王斬/はおうざん],opponent,single,opponent_single_formation_ignored,1,true,action_bact_then_selector,free_camera_candidate,trigger source AND not selector-suppressed/reset-only,turnActionIndex==0 OR later-action exception,confirmed_fixed_data
522,0x20a,スペクタクルショー,ally,self,self,75,true,action_bact_then_selector,free_camera_candidate,trigger source AND not selector-suppressed/reset-only,turnActionIndex==0 OR later-action exception,confirmed_fixed_data
523,0x20b,テンションマスター,ally,all_on_side,ally_all,71,true,action_bact_then_selector,free_camera_candidate,trigger source AND not selector-suppressed/reset-only,turnActionIndex==0 OR later-action exception,confirmed_fixed_data
524,0x20c,スーパールーレット,ally,all_on_side,ally_all,76,true,action_bact_then_selector,free_camera_candidate,trigger source AND not selector-suppressed/reset-only,turnActionIndex==0 OR later-action exception,confirmed_fixed_data
525,0x20d,[精霊/せいれい]の[守/まも]り,ally,all_on_side,ally_all,77,true,action_bact_then_selector,free_camera_candidate,trigger source AND not selector-suppressed/reset-only,turnActionIndex==0 OR later-action exception,confirmed_fixed_data
527,0x20f,ダンスフィーバー,opponent,all_on_side,opponent_all,10,true,action_bact_then_selector,free_camera_candidate,trigger source AND not selector-suppressed/reset-only,turnActionIndex==0 OR later-action exception,confirmed_fixed_data
530,0x212,[超/ちょう]ミラクルゾーン,ally,all_on_side,ally_all,68,true,action_bact_then_selector,free_camera_candidate,trigger source AND not selector-suppressed/reset-only,turnActionIndex==0 OR later-action exception,confirmed_fixed_data
533,0x215,やまびこのさとり,ally,single,ally_single,63,true,action_bact_then_selector,free_camera_candidate,trigger source AND not selector-suppressed/reset-only,turnActionIndex==0 OR later-action exception,confirmed_fixed_data
534,0x216,やみのブレス,opponent,all_on_side,opponent_all,1,false,runtime_membership_or_none,state_dependent,trigger source AND not selector-suppressed/reset-only,turnActionIndex==0 OR later-action exception,candidate_requires_runtime_membership
535,0x217,やみのブレス,opponent,all_on_side,opponent_all,1,false,runtime_membership_or_none,state_dependent,trigger source AND not selector-suppressed/reset-only,turnActionIndex==0 OR later-action exception,candidate_requires_runtime_membership
536,0x218,ひかりのブレス,opponent,all_on_side,opponent_all,1,false,runtime_membership_or_none,state_dependent,trigger source AND not selector-suppressed/reset-only,turnActionIndex==0 OR later-action exception,candidate_requires_runtime_membership
537,0x219,ひかりのブレス,opponent,all_on_side,opponent_all,1,false,runtime_membership_or_none,state_dependent,trigger source AND not selector-suppressed/reset-only,turnActionIndex==0 OR later-action exception,candidate_requires_runtime_membership
538,0x21a,いなずま[斬/ぎ]り,opponent,single,opponent_single_formation_ignored,1,false,runtime_membership_or_none,state_dependent,trigger source AND not selector-suppressed/reset-only,turnActionIndex==0 OR later-action exception,candidate_requires_runtime_membership
539,0x21b,おうふくビンタ,opponent,single,opponent_single_formation_ignored,1,false,runtime_membership_or_none,state_dependent,trigger source AND not selector-suppressed/reset-only,turnActionIndex==0 OR later-action exception,candidate_requires_runtime_membership
540,0x21c,急降下,opponent,single,opponent_single_formation_ignored,1,false,runtime_membership_or_none,state_dependent,trigger source AND not selector-suppressed/reset-only,turnActionIndex==0 OR later-action exception,candidate_requires_runtime_membership
541,0x21d,たたきつける,opponent,single,opponent_single_formation_ignored,1,false,runtime_membership_or_none,state_dependent,trigger source AND not selector-suppressed/reset-only,turnActionIndex==0 OR later-action exception,candidate_requires_runtime_membership
542,0x21e,ラッシュ,opponent,all_on_side,opponent_all,1,false,runtime_membership_or_none,state_dependent,trigger source AND not selector-suppressed/reset-only,turnActionIndex==0 OR later-action exception,candidate_requires_runtime_membership
543,0x21f,いなずま,opponent,all_on_side,opponent_all,1,false,runtime_membership_or_none,state_dependent,trigger source AND not selector-suppressed/reset-only,turnActionIndex==0 OR later-action exception,candidate_requires_runtime_membership
544,0x220,魔女の眼差し２,opponent,all_on_side,opponent_all,1,false,runtime_membership_or_none,state_dependent,trigger source AND not selector-suppressed/reset-only,turnActionIndex==0 OR later-action exception,candidate_requires_runtime_membership
545,0x221,回転攻撃,opponent,all_on_side,opponent_all,1,false,runtime_membership_or_none,state_dependent,trigger source AND not selector-suppressed/reset-only,turnActionIndex==0 OR later-action exception,candidate_requires_runtime_membership
546,0x222,ガレキ落とし,opponent,all_on_side,opponent_all,1,false,runtime_membership_or_none,state_dependent,trigger source AND not selector-suppressed/reset-only,turnActionIndex==0 OR later-action exception,candidate_requires_runtime_membership
547,0x223,ガレキ落とし２,opponent,all_on_side,opponent_all,1,false,runtime_membership_or_none,state_dependent,trigger source AND not selector-suppressed/reset-only,turnActionIndex==0 OR later-action exception,candidate_requires_runtime_membership
548,0x224,つなみ,opponent,all_on_side,opponent_all,1,false,runtime_membership_or_none,state_dependent,trigger source AND not selector-suppressed/reset-only,turnActionIndex==0 OR later-action exception,candidate_requires_runtime_membership
549,0x225,つなみ,opponent,all_on_side,opponent_all,1,false,runtime_membership_or_none,state_dependent,trigger source AND not selector-suppressed/reset-only,turnActionIndex==0 OR later-action exception,candidate_requires_runtime_membership
550,0x226,鉄球ぶん回し,opponent,all_on_side,opponent_all,1,false,runtime_membership_or_none,state_dependent,trigger source AND not selector-suppressed/reset-only,turnActionIndex==0 OR later-action exception,candidate_requires_runtime_membership
551,0x227,鉄球ぶん回し２,opponent,all_on_side,opponent_all,1,false,runtime_membership_or_none,state_dependent,trigger source AND not selector-suppressed/reset-only,turnActionIndex==0 OR later-action exception,candidate_requires_runtime_membership
552,0x228,おぞましいおたけび,opponent,all_on_side,opponent_all,1,false,runtime_membership_or_none,state_dependent,trigger source AND not selector-suppressed/reset-only,turnActionIndex==0 OR later-action exception,candidate_requires_runtime_membership
553,0x229,フェザースコール,opponent,all_on_side,opponent_all,1,false,runtime_membership_or_none,state_dependent,trigger source AND not selector-suppressed/reset-only,turnActionIndex==0 OR later-action exception,candidate_requires_runtime_membership
554,0x22a,[流星/りゅうせい],opponent,all_on_side,opponent_all,1,false,runtime_membership_or_none,state_dependent,trigger source AND not selector-suppressed/reset-only,turnActionIndex==0 OR later-action exception,candidate_requires_runtime_membership
555,0x22b,念じボール,opponent,all_on_side,opponent_all,1,false,runtime_membership_or_none,state_dependent,trigger source AND not selector-suppressed/reset-only,turnActionIndex==0 OR later-action exception,candidate_requires_runtime_membership
556,0x22c,[神々/かみがみ]の[怒/いか]り,opponent,all_on_side,opponent_all,1,false,runtime_membership_or_none,state_dependent,trigger source AND not selector-suppressed/reset-only,turnActionIndex==0 OR later-action exception,candidate_requires_runtime_membership
557,0x22d,わしづかみ,opponent,single,opponent_single_formation_ignored,1,false,runtime_membership_or_none,state_dependent,trigger source AND not selector-suppressed/reset-only,turnActionIndex==0 OR later-action exception,candidate_requires_runtime_membership
558,0x22e,ＭＰ全回復,ally,self,self,26,false,runtime_membership_or_none,state_dependent,trigger source AND not selector-suppressed/reset-only,turnActionIndex==0 OR later-action exception,candidate_requires_runtime_membership
559,0x22f,[暗黒/あんこく]のきり,opponent,all_on_side,opponent_all,3,false,runtime_membership_or_none,state_dependent,trigger source AND not selector-suppressed/reset-only,turnActionIndex==0 OR later-action exception,candidate_requires_runtime_membership
560,0x230,やみのはどう,opponent,all_on_side,opponent_all,4,false,runtime_membership_or_none,state_dependent,trigger source AND not selector-suppressed/reset-only,turnActionIndex==0 OR later-action exception,candidate_requires_runtime_membership
561,0x231,あやしいひかり,opponent,all_on_side,opponent_all,65,false,runtime_membership_or_none,state_dependent,trigger source AND not selector-suppressed/reset-only,turnActionIndex==0 OR later-action exception,candidate_requires_runtime_membership
562,0x232,せんこう[弾/だん],opponent,all_on_side,opponent_all,19,false,runtime_membership_or_none,state_dependent,trigger source AND not selector-suppressed/reset-only,turnActionIndex==0 OR later-action exception,candidate_requires_runtime_membership
563,0x233,あやしいひとみ,opponent,single,opponent_single_formation_ignored,8,false,runtime_membership_or_none,state_dependent,trigger source AND not selector-suppressed/reset-only,turnActionIndex==0 OR later-action exception,candidate_requires_runtime_membership
564,0x234,若き血潮,ally,self,self,3,false,runtime_membership_or_none,state_dependent,trigger source AND not selector-suppressed/reset-only,turnActionIndex==0 OR later-action exception,candidate_requires_runtime_membership
565,0x235,まばゆいせんこう,opponent,all_on_side,opponent_all,1,false,runtime_membership_or_none,state_dependent,trigger source AND not selector-suppressed/reset-only,turnActionIndex==0 OR later-action exception,candidate_requires_runtime_membership
566,0x236,メダパニダンス,opponent,all_on_side,opponent_all,21,false,runtime_membership_or_none,state_dependent,trigger source AND not selector-suppressed/reset-only,turnActionIndex==0 OR later-action exception,candidate_requires_runtime_membership
567,0x237,テンション上げダンス,ally,all_on_side,ally_all,15,false,runtime_membership_or_none,state_dependent,trigger source AND not selector-suppressed/reset-only,turnActionIndex==0 OR later-action exception,candidate_requires_runtime_membership
569,0x239,斬り上げ,opponent,single,opponent_single_formation_ignored,1,false,runtime_membership_or_none,state_dependent,trigger source AND not selector-suppressed/reset-only,turnActionIndex==0 OR later-action exception,candidate_requires_runtime_membership
570,0x23a,暴走攻撃２,opponent,all_on_side,opponent_all,1,false,runtime_membership_or_none,state_dependent,trigger source AND not selector-suppressed/reset-only,turnActionIndex==0 OR later-action exception,candidate_requires_runtime_membership
571,0x23b,変顔,opponent,all_on_side,opponent_all,10,false,runtime_membership_or_none,state_dependent,trigger source AND not selector-suppressed/reset-only,turnActionIndex==0 OR later-action exception,candidate_requires_runtime_membership
572,0x23c,クモ糸縛り,opponent,single,opponent_single_formation_ignored,10,false,runtime_membership_or_none,state_dependent,trigger source AND not selector-suppressed/reset-only,turnActionIndex==0 OR later-action exception,candidate_requires_runtime_membership
573,0x23d,[突風/とっぷう],opponent,all_on_side,opponent_all,10,false,runtime_membership_or_none,state_dependent,trigger source AND not selector-suppressed/reset-only,turnActionIndex==0 OR later-action exception,candidate_requires_runtime_membership
574,0x23e,おぞましい鳴き声,opponent,all_on_side,opponent_all,10,false,runtime_membership_or_none,state_dependent,trigger source AND not selector-suppressed/reset-only,turnActionIndex==0 OR later-action exception,candidate_requires_runtime_membership
575,0x23f,[超/ちょう]おたけび,opponent,all_on_side,opponent_all,10,false,runtime_membership_or_none,state_dependent,trigger source AND not selector-suppressed/reset-only,turnActionIndex==0 OR later-action exception,candidate_requires_runtime_membership
577,0x241,不敵に笑っている,ally,self,self,0,false,runtime_membership_or_none,state_dependent,trigger source AND not selector-suppressed/reset-only,turnActionIndex==0 OR later-action exception,candidate_requires_runtime_membership
578,0x242,メラガイアー,opponent,single,opponent_single_formation_ignored,1,true,action_bact_then_selector,free_camera_candidate,trigger source AND not selector-suppressed/reset-only,turnActionIndex==0 OR later-action exception,confirmed_fixed_data
579,0x243,イオグランデ,opponent,all_on_side,opponent_all,1,true,action_bact_then_selector,free_camera_candidate,trigger source AND not selector-suppressed/reset-only,turnActionIndex==0 OR later-action exception,confirmed_fixed_data
580,0x244,マヒャデドス,opponent,all_on_side,opponent_all,1,true,action_bact_then_selector,free_camera_candidate,trigger source AND not selector-suppressed/reset-only,turnActionIndex==0 OR later-action exception,confirmed_fixed_data
581,0x245,バギムーチョ,opponent,group,opponent_group,1,true,action_bact_then_selector,free_camera_candidate,trigger source AND not selector-suppressed/reset-only,turnActionIndex==0 OR later-action exception,confirmed_fixed_data
582,0x246,ドルマドン,opponent,single,opponent_single_formation_ignored,1,true,action_bact_then_selector,free_camera_candidate,trigger source AND not selector-suppressed/reset-only,turnActionIndex==0 OR later-action exception,confirmed_fixed_data
583,0x247,マダンテ,opponent,all_on_side,opponent_all,1,false,runtime_membership_or_none,state_dependent,trigger source AND not selector-suppressed/reset-only,turnActionIndex==0 OR later-action exception,candidate_requires_runtime_membership
587,0x24b,めいそう,ally,self,self,2,false,runtime_membership_or_none,state_dependent,trigger source AND not selector-suppressed/reset-only,turnActionIndex==0 OR later-action exception,candidate_requires_runtime_membership
588,0x24c,しんくうは,opponent,all_on_side,opponent_all,1,false,runtime_membership_or_none,state_dependent,trigger source AND not selector-suppressed/reset-only,turnActionIndex==0 OR later-action exception,candidate_requires_runtime_membership
589,0x24d,名称未登録,ally,self,self,12,false,runtime_membership_or_none,state_dependent,trigger source AND not selector-suppressed/reset-only,turnActionIndex==0 OR later-action exception,candidate_requires_runtime_membership
590,0x24e,名称未登録,ally,self,self,12,false,runtime_membership_or_none,state_dependent,trigger source AND not selector-suppressed/reset-only,turnActionIndex==0 OR later-action exception,candidate_requires_runtime_membership
591,0x24f,名称未登録,ally,self,self,12,false,runtime_membership_or_none,state_dependent,trigger source AND not selector-suppressed/reset-only,turnActionIndex==0 OR later-action exception,candidate_requires_runtime_membership
592,0x250,名称未登録,ally,self,self,12,false,runtime_membership_or_none,state_dependent,trigger source AND not selector-suppressed/reset-only,turnActionIndex==0 OR later-action exception,candidate_requires_runtime_membership
594,0x252,名称未登録,ally,self,self,12,false,runtime_membership_or_none,state_dependent,trigger source AND not selector-suppressed/reset-only,turnActionIndex==0 OR later-action exception,candidate_requires_runtime_membership
595,0x253,Switch Dreadmaster A,ally,self,self,34,false,runtime_membership_or_none,state_dependent,trigger source AND not selector-suppressed/reset-only,turnActionIndex==0 OR later-action exception,candidate_requires_runtime_membership
596,0x254,Switch Dreadmaster B,ally,self,self,34,false,runtime_membership_or_none,state_dependent,trigger source AND not selector-suppressed/reset-only,turnActionIndex==0 OR later-action exception,candidate_requires_runtime_membership
597,0x255,Switch Godwyn 2A,ally,self,self,34,false,runtime_membership_or_none,state_dependent,trigger source AND not selector-suppressed/reset-only,turnActionIndex==0 OR later-action exception,candidate_requires_runtime_membership
598,0x256,Switch Godwyn 2B,ally,self,self,34,false,runtime_membership_or_none,state_dependent,trigger source AND not selector-suppressed/reset-only,turnActionIndex==0 OR later-action exception,candidate_requires_runtime_membership
599,0x257,Switch Godwyn 2C,ally,self,self,34,false,runtime_membership_or_none,state_dependent,trigger source AND not selector-suppressed/reset-only,turnActionIndex==0 OR later-action exception,candidate_requires_runtime_membership
600,0x258,Switch Barbarus A,ally,self,self,34,false,runtime_membership_or_none,state_dependent,trigger source AND not selector-suppressed/reset-only,turnActionIndex==0 OR later-action exception,candidate_requires_runtime_membership
601,0x259,Switch Barbarus B,ally,self,self,34,false,runtime_membership_or_none,state_dependent,trigger source AND not selector-suppressed/reset-only,turnActionIndex==0 OR later-action exception,candidate_requires_runtime_membership
602,0x25a,Switch Corvus 1A,ally,self,self,34,false,runtime_membership_or_none,state_dependent,trigger source AND not selector-suppressed/reset-only,turnActionIndex==0 OR later-action exception,candidate_requires_runtime_membership
603,0x25b,Switch Corvus 1B,ally,self,self,34,false,runtime_membership_or_none,state_dependent,trigger source AND not selector-suppressed/reset-only,turnActionIndex==0 OR later-action exception,candidate_requires_runtime_membership
604,0x25c,Switch Corvus 2A,ally,self,self,34,false,runtime_membership_or_none,state_dependent,trigger source AND not selector-suppressed/reset-only,turnActionIndex==0 OR later-action exception,candidate_requires_runtime_membership
605,0x25d,Switch Corvus 2B,ally,self,self,34,false,runtime_membership_or_none,state_dependent,trigger source AND not selector-suppressed/reset-only,turnActionIndex==0 OR later-action exception,candidate_requires_runtime_membership
606,0x25e,Switch Corvus 2C,ally,self,self,34,false,runtime_membership_or_none,state_dependent,trigger source AND not selector-suppressed/reset-only,turnActionIndex==0 OR later-action exception,candidate_requires_runtime_membership
607,0x25f,Switch Corvus 2D,ally,self,self,34,false,runtime_membership_or_none,state_dependent,trigger source AND not selector-suppressed/reset-only,turnActionIndex==0 OR later-action exception,candidate_requires_runtime_membership
608,0x260,Switch Corvus 2E,ally,self,self,34,false,runtime_membership_or_none,state_dependent,trigger source AND not selector-suppressed/reset-only,turnActionIndex==0 OR later-action exception,candidate_requires_runtime_membership
609,0x261,Switch T. Wrecks A,ally,self,self,34,false,runtime_membership_or_none,state_dependent,trigger source AND not selector-suppressed/reset-only,turnActionIndex==0 OR later-action exception,candidate_requires_runtime_membership
610,0x262,Switch T. Wrecks B,ally,self,self,34,false,runtime_membership_or_none,state_dependent,trigger source AND not selector-suppressed/reset-only,turnActionIndex==0 OR later-action exception,candidate_requires_runtime_membership
611,0x263,Switch T. Wrecks C,ally,self,self,34,false,runtime_membership_or_none,state_dependent,trigger source AND not selector-suppressed/reset-only,turnActionIndex==0 OR later-action exception,candidate_requires_runtime_membership
612,0x264,Switch Greygnarl 2A,ally,self,self,34,false,runtime_membership_or_none,state_dependent,trigger source AND not selector-suppressed/reset-only,turnActionIndex==0 OR later-action exception,candidate_requires_runtime_membership
613,0x265,Switch Greygnarl 2B,ally,self,self,34,false,runtime_membership_or_none,state_dependent,trigger source AND not selector-suppressed/reset-only,turnActionIndex==0 OR later-action exception,candidate_requires_runtime_membership
614,0x266,Switch Greygnarl 2C,ally,self,self,34,false,runtime_membership_or_none,state_dependent,trigger source AND not selector-suppressed/reset-only,turnActionIndex==0 OR later-action exception,candidate_requires_runtime_membership
615,0x267,Switch Malroth 2A,ally,self,self,34,false,runtime_membership_or_none,state_dependent,trigger source AND not selector-suppressed/reset-only,turnActionIndex==0 OR later-action exception,candidate_requires_runtime_membership
616,0x268,Switch Malroth 2B,ally,self,self,34,false,runtime_membership_or_none,state_dependent,trigger source AND not selector-suppressed/reset-only,turnActionIndex==0 OR later-action exception,candidate_requires_runtime_membership
617,0x269,Switch Malroth 3A,ally,self,self,34,false,runtime_membership_or_none,state_dependent,trigger source AND not selector-suppressed/reset-only,turnActionIndex==0 OR later-action exception,candidate_requires_runtime_membership
618,0x26a,Switch Malroth 3B,ally,self,self,34,false,runtime_membership_or_none,state_dependent,trigger source AND not selector-suppressed/reset-only,turnActionIndex==0 OR later-action exception,candidate_requires_runtime_membership
619,0x26b,Switch Baramos 2A,ally,self,self,34,false,runtime_membership_or_none,state_dependent,trigger source AND not selector-suppressed/reset-only,turnActionIndex==0 OR later-action exception,candidate_requires_runtime_membership
620,0x26c,Switch Baramos 2B,ally,self,self,34,false,runtime_membership_or_none,state_dependent,trigger source AND not selector-suppressed/reset-only,turnActionIndex==0 OR later-action exception,candidate_requires_runtime_membership
621,0x26d,Switch Baramos 3A,ally,self,self,34,false,runtime_membership_or_none,state_dependent,trigger source AND not selector-suppressed/reset-only,turnActionIndex==0 OR later-action exception,candidate_requires_runtime_membership
622,0x26e,Switch Baramos 3B,ally,self,self,34,false,runtime_membership_or_none,state_dependent,trigger source AND not selector-suppressed/reset-only,turnActionIndex==0 OR later-action exception,candidate_requires_runtime_membership
623,0x26f,Switch Zoma 2A,ally,self,self,34,false,runtime_membership_or_none,state_dependent,trigger source AND not selector-suppressed/reset-only,turnActionIndex==0 OR later-action exception,candidate_requires_runtime_membership
624,0x270,Switch Zoma 2B,ally,self,self,34,false,runtime_membership_or_none,state_dependent,trigger source AND not selector-suppressed/reset-only,turnActionIndex==0 OR later-action exception,candidate_requires_runtime_membership
625,0x271,Switch Zoma 3A,ally,self,self,34,false,runtime_membership_or_none,state_dependent,trigger source AND not selector-suppressed/reset-only,turnActionIndex==0 OR later-action exception,candidate_requires_runtime_membership
626,0x272,Switch Zoma 3B,ally,self,self,34,false,runtime_membership_or_none,state_dependent,trigger source AND not selector-suppressed/reset-only,turnActionIndex==0 OR later-action exception,candidate_requires_runtime_membership
627,0x273,Switch Psaro 1A,ally,self,self,34,false,runtime_membership_or_none,state_dependent,trigger source AND not selector-suppressed/reset-only,turnActionIndex==0 OR later-action exception,candidate_requires_runtime_membership
628,0x274,Switch Psaro 1B,ally,self,self,34,false,runtime_membership_or_none,state_dependent,trigger source AND not selector-suppressed/reset-only,turnActionIndex==0 OR later-action exception,candidate_requires_runtime_membership
629,0x275,Switch Psaro 2A,ally,self,self,34,false,runtime_membership_or_none,state_dependent,trigger source AND not selector-suppressed/reset-only,turnActionIndex==0 OR later-action exception,candidate_requires_runtime_membership
630,0x276,Switch Psaro 2B,ally,self,self,34,false,runtime_membership_or_none,state_dependent,trigger source AND not selector-suppressed/reset-only,turnActionIndex==0 OR later-action exception,candidate_requires_runtime_membership
631,0x277,Switch Psaro 2C,ally,self,self,34,false,runtime_membership_or_none,state_dependent,trigger source AND not selector-suppressed/reset-only,turnActionIndex==0 OR later-action exception,candidate_requires_runtime_membership
632,0x278,Switch Psaro 3A,ally,self,self,34,false,runtime_membership_or_none,state_dependent,trigger source AND not selector-suppressed/reset-only,turnActionIndex==0 OR later-action exception,candidate_requires_runtime_membership
633,0x279,Switch Psaro 3B,ally,self,self,34,false,runtime_membership_or_none,state_dependent,trigger source AND not selector-suppressed/reset-only,turnActionIndex==0 OR later-action exception,candidate_requires_runtime_membership
634,0x27a,Switch Psaro 3C,ally,self,self,34,false,runtime_membership_or_none,state_dependent,trigger source AND not selector-suppressed/reset-only,turnActionIndex==0 OR later-action exception,candidate_requires_runtime_membership
635,0x27b,Switch 01F9,ally,self,self,34,false,runtime_membership_or_none,state_dependent,trigger source AND not selector-suppressed/reset-only,turnActionIndex==0 OR later-action exception,candidate_requires_runtime_membership
636,0x27c,Switch 026D,ally,self,self,34,false,runtime_membership_or_none,state_dependent,trigger source AND not selector-suppressed/reset-only,turnActionIndex==0 OR later-action exception,candidate_requires_runtime_membership
637,0x27d,Switch 026E,ally,self,self,34,false,runtime_membership_or_none,state_dependent,trigger source AND not selector-suppressed/reset-only,turnActionIndex==0 OR later-action exception,candidate_requires_runtime_membership
638,0x27e,Switch 026F,ally,self,self,34,false,runtime_membership_or_none,state_dependent,trigger source AND not selector-suppressed/reset-only,turnActionIndex==0 OR later-action exception,candidate_requires_runtime_membership
639,0x27f,Switch 0270,ally,self,self,34,false,runtime_membership_or_none,state_dependent,trigger source AND not selector-suppressed/reset-only,turnActionIndex==0 OR later-action exception,candidate_requires_runtime_membership
640,0x280,Switch 0271,ally,self,self,34,false,runtime_membership_or_none,state_dependent,trigger source AND not selector-suppressed/reset-only,turnActionIndex==0 OR later-action exception,candidate_requires_runtime_membership
641,0x281,Switch 0272,ally,self,self,34,false,runtime_membership_or_none,state_dependent,trigger source AND not selector-suppressed/reset-only,turnActionIndex==0 OR later-action exception,candidate_requires_runtime_membership
642,0x282,Switch Nimzo A,ally,self,self,34,false,runtime_membership_or_none,state_dependent,trigger source AND not selector-suppressed/reset-only,turnActionIndex==0 OR later-action exception,candidate_requires_runtime_membership
643,0x283,Switch Nimzo B,ally,self,self,34,false,runtime_membership_or_none,state_dependent,trigger source AND not selector-suppressed/reset-only,turnActionIndex==0 OR later-action exception,candidate_requires_runtime_membership
644,0x284,Switch Nimzo C,ally,self,self,34,false,runtime_membership_or_none,state_dependent,trigger source AND not selector-suppressed/reset-only,turnActionIndex==0 OR later-action exception,candidate_requires_runtime_membership
645,0x285,Switch Nimzo D,ally,self,self,34,false,runtime_membership_or_none,state_dependent,trigger source AND not selector-suppressed/reset-only,turnActionIndex==0 OR later-action exception,candidate_requires_runtime_membership
646,0x286,Switch Nimzo E,ally,self,self,34,false,runtime_membership_or_none,state_dependent,trigger source AND not selector-suppressed/reset-only,turnActionIndex==0 OR later-action exception,candidate_requires_runtime_membership
647,0x287,Switch Nimzo F,ally,self,self,34,false,runtime_membership_or_none,state_dependent,trigger source AND not selector-suppressed/reset-only,turnActionIndex==0 OR later-action exception,candidate_requires_runtime_membership
648,0x288,Switch 01FB,ally,self,self,34,false,runtime_membership_or_none,state_dependent,trigger source AND not selector-suppressed/reset-only,turnActionIndex==0 OR later-action exception,candidate_requires_runtime_membership
649,0x289,Switch 0278,ally,self,self,34,false,runtime_membership_or_none,state_dependent,trigger source AND not selector-suppressed/reset-only,turnActionIndex==0 OR later-action exception,candidate_requires_runtime_membership
650,0x28a,Switch 0279,ally,self,self,34,false,runtime_membership_or_none,state_dependent,trigger source AND not selector-suppressed/reset-only,turnActionIndex==0 OR later-action exception,candidate_requires_runtime_membership
651,0x28b,Switch 027A,ally,self,self,34,false,runtime_membership_or_none,state_dependent,trigger source AND not selector-suppressed/reset-only,turnActionIndex==0 OR later-action exception,candidate_requires_runtime_membership
652,0x28c,Switch 027B,ally,self,self,34,false,runtime_membership_or_none,state_dependent,trigger source AND not selector-suppressed/reset-only,turnActionIndex==0 OR later-action exception,candidate_requires_runtime_membership
653,0x28d,Switch 027C,ally,self,self,34,false,runtime_membership_or_none,state_dependent,trigger source AND not selector-suppressed/reset-only,turnActionIndex==0 OR later-action exception,candidate_requires_runtime_membership
654,0x28e,Switch 027D,ally,self,self,34,false,runtime_membership_or_none,state_dependent,trigger source AND not selector-suppressed/reset-only,turnActionIndex==0 OR later-action exception,candidate_requires_runtime_membership
655,0x28f,Switch 01FC,ally,self,self,34,false,runtime_membership_or_none,state_dependent,trigger source AND not selector-suppressed/reset-only,turnActionIndex==0 OR later-action exception,candidate_requires_runtime_membership
656,0x290,Switch 027E,ally,self,self,34,false,runtime_membership_or_none,state_dependent,trigger source AND not selector-suppressed/reset-only,turnActionIndex==0 OR later-action exception,candidate_requires_runtime_membership
657,0x291,Switch 027F,ally,self,self,34,false,runtime_membership_or_none,state_dependent,trigger source AND not selector-suppressed/reset-only,turnActionIndex==0 OR later-action exception,candidate_requires_runtime_membership
658,0x292,Switch 0280,ally,self,self,34,false,runtime_membership_or_none,state_dependent,trigger source AND not selector-suppressed/reset-only,turnActionIndex==0 OR later-action exception,candidate_requires_runtime_membership
659,0x293,Switch 0281,ally,self,self,34,false,runtime_membership_or_none,state_dependent,trigger source AND not selector-suppressed/reset-only,turnActionIndex==0 OR later-action exception,candidate_requires_runtime_membership
660,0x294,Switch 0282,ally,self,self,34,false,runtime_membership_or_none,state_dependent,trigger source AND not selector-suppressed/reset-only,turnActionIndex==0 OR later-action exception,candidate_requires_runtime_membership
661,0x295,Switch 0283,ally,self,self,34,false,runtime_membership_or_none,state_dependent,trigger source AND not selector-suppressed/reset-only,turnActionIndex==0 OR later-action exception,candidate_requires_runtime_membership
662,0x296,Switch Orgodemir A,ally,self,self,34,false,runtime_membership_or_none,state_dependent,trigger source AND not selector-suppressed/reset-only,turnActionIndex==0 OR later-action exception,candidate_requires_runtime_membership
663,0x297,Switch Orgodemir B,ally,self,self,34,false,runtime_membership_or_none,state_dependent,trigger source AND not selector-suppressed/reset-only,turnActionIndex==0 OR later-action exception,candidate_requires_runtime_membership
664,0x298,Switch Orgodemir C,ally,self,self,34,false,runtime_membership_or_none,state_dependent,trigger source AND not selector-suppressed/reset-only,turnActionIndex==0 OR later-action exception,candidate_requires_runtime_membership
665,0x299,Switch Orgodemir D,ally,self,self,34,false,runtime_membership_or_none,state_dependent,trigger source AND not selector-suppressed/reset-only,turnActionIndex==0 OR later-action exception,candidate_requires_runtime_membership
666,0x29a,Switch Orgodemir E,ally,self,self,34,false,runtime_membership_or_none,state_dependent,trigger source AND not selector-suppressed/reset-only,turnActionIndex==0 OR later-action exception,candidate_requires_runtime_membership
667,0x29b,Switch Orgodemir F,ally,self,self,34,false,runtime_membership_or_none,state_dependent,trigger source AND not selector-suppressed/reset-only,turnActionIndex==0 OR later-action exception,candidate_requires_runtime_membership
668,0x29c,Switch 0200,ally,self,self,34,false,runtime_membership_or_none,state_dependent,trigger source AND not selector-suppressed/reset-only,turnActionIndex==0 OR later-action exception,candidate_requires_runtime_membership
669,0x29d,Switch 0289,ally,self,self,34,false,runtime_membership_or_none,state_dependent,trigger source AND not selector-suppressed/reset-only,turnActionIndex==0 OR later-action exception,candidate_requires_runtime_membership
670,0x29e,Switch 028A,ally,self,self,34,false,runtime_membership_or_none,state_dependent,trigger source AND not selector-suppressed/reset-only,turnActionIndex==0 OR later-action exception,candidate_requires_runtime_membership
671,0x29f,Switch 028B,ally,self,self,34,false,runtime_membership_or_none,state_dependent,trigger source AND not selector-suppressed/reset-only,turnActionIndex==0 OR later-action exception,candidate_requires_runtime_membership
672,0x2a0,Switch 028C,ally,self,self,34,false,runtime_membership_or_none,state_dependent,trigger source AND not selector-suppressed/reset-only,turnActionIndex==0 OR later-action exception,candidate_requires_runtime_membership
673,0x2a1,Switch 028D,ally,self,self,34,false,runtime_membership_or_none,state_dependent,trigger source AND not selector-suppressed/reset-only,turnActionIndex==0 OR later-action exception,candidate_requires_runtime_membership
674,0x2a2,Switch Rhapthorne 1A,ally,self,self,34,false,runtime_membership_or_none,state_dependent,trigger source AND not selector-suppressed/reset-only,turnActionIndex==0 OR later-action exception,candidate_requires_runtime_membership
675,0x2a3,Switch Rhapthorne 1B,ally,self,self,34,false,runtime_membership_or_none,state_dependent,trigger source AND not selector-suppressed/reset-only,turnActionIndex==0 OR later-action exception,candidate_requires_runtime_membership
676,0x2a4,Switch Rhapthorne 2A,ally,self,self,34,false,runtime_membership_or_none,state_dependent,trigger source AND not selector-suppressed/reset-only,turnActionIndex==0 OR later-action exception,candidate_requires_runtime_membership
677,0x2a5,Switch Rhapthorne 2B,ally,self,self,34,false,runtime_membership_or_none,state_dependent,trigger source AND not selector-suppressed/reset-only,turnActionIndex==0 OR later-action exception,candidate_requires_runtime_membership
678,0x2a6,Switch Rhapthorne 2C,ally,self,self,34,false,runtime_membership_or_none,state_dependent,trigger source AND not selector-suppressed/reset-only,turnActionIndex==0 OR later-action exception,candidate_requires_runtime_membership
679,0x2a7,Switch Rhapthorne 3A,ally,self,self,34,false,runtime_membership_or_none,state_dependent,trigger source AND not selector-suppressed/reset-only,turnActionIndex==0 OR later-action exception,candidate_requires_runtime_membership
680,0x2a8,Switch Rhapthorne 3B,ally,self,self,34,false,runtime_membership_or_none,state_dependent,trigger source AND not selector-suppressed/reset-only,turnActionIndex==0 OR later-action exception,candidate_requires_runtime_membership
681,0x2a9,Switch Rhapthorne 3C,ally,self,self,34,false,runtime_membership_or_none,state_dependent,trigger source AND not selector-suppressed/reset-only,turnActionIndex==0 OR later-action exception,candidate_requires_runtime_membership
682,0x2aa,ベホマ,ally,single,ally_single,2,true,action_bact_then_selector,free_camera_candidate,trigger source AND not selector-suppressed/reset-only,turnActionIndex==0 OR later-action exception,confirmed_fixed_data
779,0x30b,メラガイアー,opponent,single,opponent_single_formation_ignored,1,true,action_bact_then_selector,free_camera_candidate,trigger source AND not selector-suppressed/reset-only,turnActionIndex==0 OR later-action exception,confirmed_fixed_data
780,0x30c,マヒャデドス,opponent,all_on_side,opponent_all,1,true,action_bact_then_selector,free_camera_candidate,trigger source AND not selector-suppressed/reset-only,turnActionIndex==0 OR later-action exception,confirmed_fixed_data
781,0x30d,ドルマドン,opponent,single,opponent_single_formation_ignored,1,true,action_bact_then_selector,free_camera_candidate,trigger source AND not selector-suppressed/reset-only,turnActionIndex==0 OR later-action exception,confirmed_fixed_data
782,0x30e,バギムーチョ,opponent,group,opponent_group,1,true,action_bact_then_selector,free_camera_candidate,trigger source AND not selector-suppressed/reset-only,turnActionIndex==0 OR later-action exception,confirmed_fixed_data
783,0x30f,イオグランデ,opponent,all_on_side,opponent_all,1,true,action_bact_then_selector,free_camera_candidate,trigger source AND not selector-suppressed/reset-only,turnActionIndex==0 OR later-action exception,confirmed_fixed_data
784,0x310,ベホマズン,ally,all_on_side,ally_all,2,true,action_bact_then_selector,free_camera_candidate,trigger source AND not selector-suppressed/reset-only,turnActionIndex==0 OR later-action exception,confirmed_fixed_data
785,0x311,Switch 0156,ally,self,self,34,false,runtime_membership_or_none,state_dependent,trigger source AND not selector-suppressed/reset-only,turnActionIndex==0 OR later-action exception,candidate_requires_runtime_membership
786,0x312,Switch 02F8,ally,self,self,34,false,runtime_membership_or_none,state_dependent,trigger source AND not selector-suppressed/reset-only,turnActionIndex==0 OR later-action exception,candidate_requires_runtime_membership
787,0x313,Switch 0157,ally,self,self,34,false,runtime_membership_or_none,state_dependent,trigger source AND not selector-suppressed/reset-only,turnActionIndex==0 OR later-action exception,candidate_requires_runtime_membership
788,0x314,Switch 02F9,ally,self,self,34,false,runtime_membership_or_none,state_dependent,trigger source AND not selector-suppressed/reset-only,turnActionIndex==0 OR later-action exception,candidate_requires_runtime_membership
789,0x315,Switch Yore A,ally,self,self,34,false,runtime_membership_or_none,state_dependent,trigger source AND not selector-suppressed/reset-only,turnActionIndex==0 OR later-action exception,candidate_requires_runtime_membership
790,0x316,Switch Yore B,ally,self,self,34,false,runtime_membership_or_none,state_dependent,trigger source AND not selector-suppressed/reset-only,turnActionIndex==0 OR later-action exception,candidate_requires_runtime_membership
791,0x317,Switch Yore C,ally,self,self,34,false,runtime_membership_or_none,state_dependent,trigger source AND not selector-suppressed/reset-only,turnActionIndex==0 OR later-action exception,candidate_requires_runtime_membership
792,0x318,Switch Excalipurr A,ally,self,self,34,false,runtime_membership_or_none,state_dependent,trigger source AND not selector-suppressed/reset-only,turnActionIndex==0 OR later-action exception,candidate_requires_runtime_membership
793,0x319,Switch Excalipurr B,ally,self,self,34,false,runtime_membership_or_none,state_dependent,trigger source AND not selector-suppressed/reset-only,turnActionIndex==0 OR later-action exception,candidate_requires_runtime_membership
794,0x31a,(46/256) [0F2] Call For Backup,ally,group,ally_group,58,false,runtime_membership_or_none,state_dependent,trigger source AND not selector-suppressed/reset-only,turnActionIndex==0 OR later-action exception,candidate_requires_runtime_membership
795,0x31b,Switch Nokturnus 1A,ally,self,self,34,false,runtime_membership_or_none,state_dependent,trigger source AND not selector-suppressed/reset-only,turnActionIndex==0 OR later-action exception,candidate_requires_runtime_membership
796,0x31c,Switch Nokturnus 1B,ally,self,self,34,false,runtime_membership_or_none,state_dependent,trigger source AND not selector-suppressed/reset-only,turnActionIndex==0 OR later-action exception,candidate_requires_runtime_membership
797,0x31d,Switch Nokturnus 2A,ally,self,self,34,false,runtime_membership_or_none,state_dependent,trigger source AND not selector-suppressed/reset-only,turnActionIndex==0 OR later-action exception,candidate_requires_runtime_membership
798,0x31e,Switch Nokturnus 2B,ally,self,self,34,false,runtime_membership_or_none,state_dependent,trigger source AND not selector-suppressed/reset-only,turnActionIndex==0 OR later-action exception,candidate_requires_runtime_membership
799,0x31f,Switch Nokturnus 2C,ally,self,self,34,false,runtime_membership_or_none,state_dependent,trigger source AND not selector-suppressed/reset-only,turnActionIndex==0 OR later-action exception,candidate_requires_runtime_membership
800,0x320,Switch Nokturnus 3A,ally,self,self,34,false,runtime_membership_or_none,state_dependent,trigger source AND not selector-suppressed/reset-only,turnActionIndex==0 OR later-action exception,candidate_requires_runtime_membership
801,0x321,Switch Nokturnus 3B,ally,self,self,34,false,runtime_membership_or_none,state_dependent,trigger source AND not selector-suppressed/reset-only,turnActionIndex==0 OR later-action exception,candidate_requires_runtime_membership
802,0x322,Switch Nokturnus 3C,ally,self,self,34,false,runtime_membership_or_none,state_dependent,trigger source AND not selector-suppressed/reset-only,turnActionIndex==0 OR later-action exception,candidate_requires_runtime_membership
803,0x323,タップダンス,ally,self,self,25,true,action_bact_then_selector,free_camera_candidate,trigger source AND not selector-suppressed/reset-only,turnActionIndex==0 OR later-action exception,confirmed_fixed_data
804,0x324,キラージャグリング,opponent,all_on_side,opponent_all,1,true,action_bact_then_selector,free_camera_candidate,trigger source AND not selector-suppressed/reset-only,turnActionIndex==0 OR later-action exception,confirmed_fixed_data
900,0x384,名称未登録,ally,self,self,0,false,runtime_membership_or_none,state_dependent,trigger source AND not selector-suppressed/reset-only,turnActionIndex==0 OR later-action exception,candidate_requires_runtime_membership
901,0x385,名称未登録,ally,self,self,0,false,runtime_membership_or_none,state_dependent,trigger source AND not selector-suppressed/reset-only,turnActionIndex==0 OR later-action exception,candidate_requires_runtime_membership
902,0x386,名称未登録,ally,self,self,0,false,runtime_membership_or_none,state_dependent,trigger source AND not selector-suppressed/reset-only,turnActionIndex==0 OR later-action exception,candidate_requires_runtime_membership
903,0x387,名称未登録,ally,self,self,0,false,runtime_membership_or_none,state_dependent,trigger source AND not selector-suppressed/reset-only,turnActionIndex==0 OR later-action exception,candidate_requires_runtime_membership
904,0x388,名称未登録,ally,self,self,0,false,runtime_membership_or_none,state_dependent,trigger source AND not selector-suppressed/reset-only,turnActionIndex==0 OR later-action exception,candidate_requires_runtime_membership
905,0x389,名称未登録,ally,self,self,0,false,runtime_membership_or_none,state_dependent,trigger source AND not selector-suppressed/reset-only,turnActionIndex==0 OR later-action exception,candidate_requires_runtime_membership
906,0x38a,名称未登録,ally,self,self,0,false,runtime_membership_or_none,state_dependent,trigger source AND not selector-suppressed/reset-only,turnActionIndex==0 OR later-action exception,candidate_requires_runtime_membership
907,0x38b,名称未登録,ally,self,self,0,false,runtime_membership_or_none,state_dependent,trigger source AND not selector-suppressed/reset-only,turnActionIndex==0 OR later-action exception,candidate_requires_runtime_membership
908,0x38c,名称未登録,ally,self,self,12,false,runtime_membership_or_none,state_dependent,trigger source AND not selector-suppressed/reset-only,turnActionIndex==0 OR later-action exception,candidate_requires_runtime_membership
909,0x38d,名称未登録,ally,self,self,12,false,runtime_membership_or_none,state_dependent,trigger source AND not selector-suppressed/reset-only,turnActionIndex==0 OR later-action exception,candidate_requires_runtime_membership
910,0x38e,名称未登録,ally,self,self,12,false,runtime_membership_or_none,state_dependent,trigger source AND not selector-suppressed/reset-only,turnActionIndex==0 OR later-action exception,candidate_requires_runtime_membership
911,0x38f,名称未登録,ally,self,self,12,false,runtime_membership_or_none,state_dependent,trigger source AND not selector-suppressed/reset-only,turnActionIndex==0 OR later-action exception,candidate_requires_runtime_membership
912,0x390,メダパニ,opponent,single,opponent_single_formation_ignored,21,true,action_bact_then_selector,free_camera_candidate,trigger source AND not selector-suppressed/reset-only,turnActionIndex==0 OR later-action exception,confirmed_fixed_data
913,0x391,きりんのおうぎ,ally,single,ally_single,2,true,action_bact_then_selector,free_camera_candidate,trigger source AND not selector-suppressed/reset-only,turnActionIndex==0 OR later-action exception,confirmed_fixed_data
914,0x392,名称未登録,ally,self,self,0,false,runtime_membership_or_none,state_dependent,trigger source AND not selector-suppressed/reset-only,turnActionIndex==0 OR later-action exception,candidate_requires_runtime_membership
915,0x393,名称未登録,ally,self,self,24,false,runtime_membership_or_none,state_dependent,trigger source AND not selector-suppressed/reset-only,turnActionIndex==0 OR later-action exception,candidate_requires_runtime_membership
916,0x394,混乱仲間呼び失敗,ally,self,self,0,false,runtime_membership_or_none,state_dependent,trigger source AND not selector-suppressed/reset-only,turnActionIndex==0 OR later-action exception,candidate_requires_runtime_membership
917,0x395,にげる,ally,self,self,0,false,runtime_membership_or_none,state_dependent,trigger source AND not selector-suppressed/reset-only,turnActionIndex==0 OR later-action exception,candidate_requires_runtime_membership
918,0x396,逃げだす失敗,ally,self,self,0,false,runtime_membership_or_none,state_dependent,trigger source AND not selector-suppressed/reset-only,turnActionIndex==0 OR later-action exception,candidate_requires_runtime_membership
919,0x397,名称未登録,opponent,group,opponent_group,1,true,action_bact_then_selector,free_camera_candidate,trigger source AND not selector-suppressed/reset-only,turnActionIndex==0 OR later-action exception,confirmed_fixed_data
920,0x398,マグマの[杖/つえ],opponent,all_on_side,opponent_all,1,true,action_bact_then_selector,free_camera_candidate,trigger source AND not selector-suppressed/reset-only,turnActionIndex==0 OR later-action exception,confirmed_fixed_data
921,0x399,名称未登録,ally,self,self,0,false,runtime_membership_or_none,state_dependent,trigger source AND not selector-suppressed/reset-only,turnActionIndex==0 OR later-action exception,candidate_requires_runtime_membership
922,0x39a,名称未登録,ally,self,self,0,false,runtime_membership_or_none,state_dependent,trigger source AND not selector-suppressed/reset-only,turnActionIndex==0 OR later-action exception,candidate_requires_runtime_membership
923,0x39b,おもいでのすず,ally,field_context,special_or_context,84,false,runtime_membership_or_none,state_dependent,trigger source AND not selector-suppressed/reset-only,turnActionIndex==0 OR later-action exception,candidate_requires_runtime_membership
924,0x39c,名称未登録,ally,self,self,0,false,runtime_membership_or_none,state_dependent,trigger source AND not selector-suppressed/reset-only,turnActionIndex==0 OR later-action exception,candidate_requires_runtime_membership
925,0x39d,名称未登録,ally,self,self,0,false,runtime_membership_or_none,state_dependent,trigger source AND not selector-suppressed/reset-only,turnActionIndex==0 OR later-action exception,candidate_requires_runtime_membership
926,0x39e,名称未登録,ally,self,self,0,false,runtime_membership_or_none,state_dependent,trigger source AND not selector-suppressed/reset-only,turnActionIndex==0 OR later-action exception,candidate_requires_runtime_membership
927,0x39f,名称未登録,ally,self,self,0,false,runtime_membership_or_none,state_dependent,trigger source AND not selector-suppressed/reset-only,turnActionIndex==0 OR later-action exception,candidate_requires_runtime_membership
928,0x3a0,名称未登録,ally,self,self,0,false,runtime_membership_or_none,state_dependent,trigger source AND not selector-suppressed/reset-only,turnActionIndex==0 OR later-action exception,candidate_requires_runtime_membership
929,0x3a1,ゲルニックかばう,ally,actor_specific,special_or_context,0,false,runtime_membership_or_none,state_dependent,trigger source AND not selector-suppressed/reset-only,turnActionIndex==0 OR later-action exception,candidate_requires_runtime_membership
930,0x3a2,名称未登録,ally,self,self,0,false,runtime_membership_or_none,state_dependent,trigger source AND not selector-suppressed/reset-only,turnActionIndex==0 OR later-action exception,candidate_requires_runtime_membership
931,0x3a3,名称未登録,ally,all_on_side,ally_all,0,false,runtime_membership_or_none,state_dependent,trigger source AND not selector-suppressed/reset-only,turnActionIndex==0 OR later-action exception,candidate_requires_runtime_membership
932,0x3a4,名称未登録,ally,self,self,0,false,runtime_membership_or_none,state_dependent,trigger source AND not selector-suppressed/reset-only,turnActionIndex==0 OR later-action exception,candidate_requires_runtime_membership
933,0x3a5,名称未登録,ally,all_on_side,ally_all,0,false,runtime_membership_or_none,state_dependent,trigger source AND not selector-suppressed/reset-only,turnActionIndex==0 OR later-action exception,candidate_requires_runtime_membership
934,0x3a6,名称未登録,ally,all_on_side,ally_all,0,false,runtime_membership_or_none,state_dependent,trigger source AND not selector-suppressed/reset-only,turnActionIndex==0 OR later-action exception,candidate_requires_runtime_membership
935,0x3a7,名称未登録,ally,self,self,0,false,runtime_membership_or_none,state_dependent,trigger source AND not selector-suppressed/reset-only,turnActionIndex==0 OR later-action exception,candidate_requires_runtime_membership
936,0x3a8,名称未登録,ally,self,self,0,false,runtime_membership_or_none,state_dependent,trigger source AND not selector-suppressed/reset-only,turnActionIndex==0 OR later-action exception,candidate_requires_runtime_membership
937,0x3a9,名称未登録,ally,self,self,0,false,runtime_membership_or_none,state_dependent,trigger source AND not selector-suppressed/reset-only,turnActionIndex==0 OR later-action exception,candidate_requires_runtime_membership
938,0x3aa,名称未登録,ally,self,self,0,false,runtime_membership_or_none,state_dependent,trigger source AND not selector-suppressed/reset-only,turnActionIndex==0 OR later-action exception,candidate_requires_runtime_membership
939,0x3ab,名称未登録,ally,self,self,0,false,runtime_membership_or_none,state_dependent,trigger source AND not selector-suppressed/reset-only,turnActionIndex==0 OR later-action exception,candidate_requires_runtime_membership
940,0x3ac,名称未登録,ally,self,self,0,false,runtime_membership_or_none,state_dependent,trigger source AND not selector-suppressed/reset-only,turnActionIndex==0 OR later-action exception,candidate_requires_runtime_membership
941,0x3ad,名称未登録,ally,self,self,0,false,runtime_membership_or_none,state_dependent,trigger source AND not selector-suppressed/reset-only,turnActionIndex==0 OR later-action exception,candidate_requires_runtime_membership
942,0x3ae,名称未登録,ally,self,self,0,false,runtime_membership_or_none,state_dependent,trigger source AND not selector-suppressed/reset-only,turnActionIndex==0 OR later-action exception,candidate_requires_runtime_membership
943,0x3af,名称未登録,ally,self,self,0,false,runtime_membership_or_none,state_dependent,trigger source AND not selector-suppressed/reset-only,turnActionIndex==0 OR later-action exception,candidate_requires_runtime_membership
944,0x3b0,名称未登録,ally,self,self,0,false,runtime_membership_or_none,state_dependent,trigger source AND not selector-suppressed/reset-only,turnActionIndex==0 OR later-action exception,candidate_requires_runtime_membership
945,0x3b1,名称未登録,ally,self,self,0,false,runtime_membership_or_none,state_dependent,trigger source AND not selector-suppressed/reset-only,turnActionIndex==0 OR later-action exception,candidate_requires_runtime_membership
